<?xml version="1.0" encoding="UTF-8" standalone="no"?>
<executionItem endedUtc="1725431646531" executionErrorCount="0" executionStatus="Executed" executionWarningCount="0" failureCount="0" id="root:plans:TP_Regression:TableTesting.testinstance:TableTesting.testcase" iterationIndex="-1" skippedCount="0" startedUtc="1725431611114" successfulCount="1" testCasePath="C:\\Users\\anubhav.gupta\\Provar_Workspaces\\Workspace_2\\LearningProvar\\tests\\UOP Course" testItemClass="ITestCase" title="TableTesting.testcase">
  <testItemSummary/>
  <childItems>
    <executionItem endedUtc="1725431612935" executionErrorCount="0" executionStatus="Executed" executionWarningCount="0" failureCount="0" id="root:plans:TP_Regression:TableTesting.testinstance:TableTesting.testcase:1" iterationIndex="-1" skippedCount="0" startedUtc="1725431611114" successfulCount="1" testApiId="com.provar.plugins.forcedotcom.core.ui.UiConnect" testItemClass="IApiCall" title="UI Connect: HTML_Tables">
      <childItems/>
      <logEntries>
        <logEntry id="1725431611130" messageType="General">Opening Selenium Connection.  Connection Name: HTML_Tables, Base URL: https://www.w3schools.com/html/html_tables.asp, Private Browsing Mode: false</logEntry>
        <logEntry id="1725431611145" messageType="General">Opening Chrome webdriver instance to https://www.w3schools.com/html/html_tables.asp</logEntry>
        <logEntry id="1725431611145" logLevel="Debug" messageType="General">Add Chrome browser specific capabilities</logEntry>
        <logEntry id="1725431611163" logLevel="Trace" messageType="General">Using executable from UserHome Provar.  executable: C:\\Users\\anubhav.gupta\\Provar\\.chromeDriver\\chromedriver.exe</logEntry>
        <logEntry id="1725431611178" logLevel="Trace" messageType="General">Added Chrome command line switch to bypass proxy for local addresses: --proxy-bypass-list=localhost,127.0.0.1,192.168.31.33</logEntry>
        <logEntry id="1725431611178" logLevel="Trace" messageType="General">Added desired capability for Chrome browser proxy Null</logEntry>
        <logEntry id="1725431611211" logLevel="Trace" messageType="General">Using executable from UserHome Provar.  executable: C:\\Users\\anubhav.gupta\\Provar\\.chromeDriver\\chromedriver.exe</logEntry>
        <logEntry id="1725431612788" logLevel="Update" messageType="General">Successfully opened Chrome webdriver to https://www.w3schools.com/html/html_tables.asp</logEntry>
        <logEntry id="1725431612935" messageType="General">Selenium Connection opened successfully.</logEntry>
        <logEntry id="1725431612935" messageType="General">UI Connect step is success</logEntry>
        <logEntry id="1725431612935" logLevel="Debug" messageType="General">Connection Name: HTML_Tables\nUrl : https://www.w3schools.com/html/html_tables.asp</logEntry>
        <logEntry id="1725431612935" logLevel="Update" messageType="General">UI Connect step is success</logEntry>
      </logEntries>
    </executionItem>
    <executionItem endedUtc="1725431612935" executionErrorCount="0" executionStatus="Executed" executionWarningCount="0" failureCount="0" id="root:plans:TP_Regression:TableTesting.testinstance:TableTesting.testcase:32" iterationIndex="-1" skippedCount="0" startedUtc="1725431612935" successfulCount="1" testApiId="com.provar.plugins.bundled.apis.control.SetValues" testItemClass="IApiCall" title="Set Values: a">
      <childItems/>
      <logEntries>
        <logEntry id="1725431612935" messageType="General">Setting value a to 100</logEntry>
        <logEntry id="1725431612935" logLevel="Debug" messageType="General">Configuration: ValueScope:Test</logEntry>
        <logEntry id="1725431612935" logLevel="Update" messageType="General">Successfully set a to 100</logEntry>
      </logEntries>
    </executionItem>
    <executionItem endedUtc="1725431646530" executionErrorCount="0" executionStatus="Executed" executionWarningCount="0" failureCount="0" id="root:plans:TP_Regression:TableTesting.testinstance:TableTesting.testcase:2" iterationIndex="-1" skippedCount="0" startedUtc="1725431612935" successfulCount="1" testApiId="com.provar.plugins.forcedotcom.core.ui.UiWithScreen" testItemClass="IApiCall" title="On HTMLTablePage page">
      <childItems>
        <executionItem endedUtc="1725431646500" executionErrorCount="0" executionStatus="Executed" executionWarningCount="0" failureCount="0" id="root:plans:TP_Regression:TableTesting.testinstance:TableTesting.testcase:2:3" iterationIndex="-1" skippedCount="0" startedUtc="1725431642821" successfulCount="1" testClauseName="substeps" testItemClass="ITestClause" title="Sub Steps">
          <childItems>
            <executionItem endedUtc="1725431645833" executionErrorCount="0" executionStatus="Executed" executionWarningCount="0" failureCount="0" id="root:plans:TP_Regression:TableTesting.testinstance:TableTesting.testcase:2:3:7" iterationIndex="-1" skippedCount="0" startedUtc="1725431642821" successfulCount="1" testApiId="com.provar.plugins.forcedotcom.core.ui.UiWithRow" testItemClass="IApiCall" title="With Company row">
              <childItems>
                <executionItem endedUtc="1725431645656" executionErrorCount="0" executionStatus="Executed" executionWarningCount="0" failureCount="0" id="root:plans:TP_Regression:TableTesting.testinstance:TableTesting.testcase:2:3:7:8" iterationIndex="-1" skippedCount="0" startedUtc="1725431643581" successfulCount="1" testClauseName="substeps" testItemClass="ITestClause" title="Sub Steps">
                  <childItems>
                    <executionItem endedUtc="1725431645656" executionErrorCount="0" executionStatus="Executed" executionWarningCount="0" failureCount="0" id="root:plans:TP_Regression:TableTesting.testinstance:TableTesting.testcase:2:3:7:8:31" iterationIndex="-1" skippedCount="0" startedUtc="1725431643583" successfulCount="1" testApiId="com.provar.plugins.forcedotcom.core.ui.UiAssert" testItemClass="IApiCall" title="UI Assert">
                      <childItems/>
                      <logEntries>
                        <logEntry id="1725431643589" messageType="General">Start of UiAssert.  Connection: HTML_Tables</logEntry>
                        <logEntry id="1725431643630" messageType="General">Resolving field Company</logEntry>
                        <logEntry id="1725431643662" messageType="General">Switched focus to main window.  URL: https://www.w3schools.com/html/html_tables.asp</logEntry>
                        <logEntry id="1725431643702" messageType="General">Doing before wait.  waitUrl: default</logEntry>
                        <logEntry id="1725431643703" messageType="General">End of &amp;lt;default&amp;gt; wait.</logEntry>
                        <logEntry id="1725431645031" messageType="General">Switched focus to main window.  URL: https://www.w3schools.com/html/html_tables.asp</logEntry>
                        <logEntry id="1725431645613" messageType="General">Asserting field attributes: Company</logEntry>
                        <logEntry id="1725431645619" messageType="General">Reading Attribute: value</logEntry>
                        <logEntry id="1725431645627" messageType="General">Object read successfully.  Result Name: Data</logEntry>
                        <logEntry id="1725431645628" messageType="General">Going to update browser window handles.</logEntry>
                        <logEntry id="1725431645629" logLevel="Debug" messageType="General">Update browser window handles.</logEntry>
                        <logEntry id="1725431645651" logLevel="Update" messageType="General">Successfully updated browser window handles.</logEntry>
                      </logEntries>
                    </executionItem>
                  </childItems>
                </executionItem>
              </childItems>
              <logEntries>
                <logEntry id="1725431642823" messageType="General">Start of With Row.  Connection Name: HTML_Tables, target: ui:pageobject:row?field=example&amp;pageId=pageobjects.HTMLTablePage</logEntry>
                <logEntry id="1725431642876" messageType="General">Switched focus to main window.  URL: https://www.w3schools.com/html/html_tables.asp</logEntry>
                <logEntry id="1725431643232" messageType="General">Applying row locator to rows.  Row Count: 7, Row Locator: 1</logEntry>
                <logEntry id="1725431643549" messageType="General">Matched row number 1</logEntry>
                <logEntry id="1725431643549" messageType="General">Going to update browser window handles.</logEntry>
                <logEntry id="1725431643549" logLevel="Debug" messageType="General">Update browser window handles.</logEntry>
                <logEntry id="1725431643581" logLevel="Update" messageType="General">Successfully updated browser window handles.</logEntry>
                <logEntry id="1725431645770" messageType="General">All Sub-Test Steps were successful.</logEntry>
                <logEntry id="1725431645815" messageType="General">Going to update browser window handles.</logEntry>
                <logEntry id="1725431645815" logLevel="Debug" messageType="General">Update browser window handles.</logEntry>
                <logEntry id="1725431645833" logLevel="Update" messageType="General">Successfully updated browser window handles.</logEntry>
              </logEntries>
            </executionItem>
            <executionItem endedUtc="1725431646181" executionErrorCount="0" executionStatus="Executed" executionWarningCount="0" failureCount="0" id="root:plans:TP_Regression:TableTesting.testinstance:TableTesting.testcase:2:3:12" iterationIndex="-1" skippedCount="0" startedUtc="1725431645833" successfulCount="1" testApiId="com.provar.plugins.forcedotcom.core.ui.UiWithRow" testItemClass="IApiCall" title="With Contact row">
              <childItems>
                <executionItem endedUtc="1725431646154" executionErrorCount="0" executionStatus="Executed" executionWarningCount="0" failureCount="0" id="root:plans:TP_Regression:TableTesting.testinstance:TableTesting.testcase:2:3:12:13" iterationIndex="-1" skippedCount="0" startedUtc="1725431646154" successfulCount="1" testClauseName="substeps" testItemClass="ITestClause" title="Sub Steps">
                  <childItems/>
                </executionItem>
              </childItems>
              <logEntries>
                <logEntry id="1725431645836" messageType="General">Start of With Row.  Connection Name: HTML_Tables, target: ui:pageobject:row?field=example&amp;pageId=pageobjects.HTMLTablePage</logEntry>
                <logEntry id="1725431645883" messageType="General">Switched focus to main window.  URL: https://www.w3schools.com/html/html_tables.asp</logEntry>
                <logEntry id="1725431645984" messageType="General">Applying row locator to rows.  Row Count: 7, Row Locator: 1</logEntry>
                <logEntry id="1725431646142" messageType="General">Matched row number 1</logEntry>
                <logEntry id="1725431646142" messageType="General">Going to update browser window handles.</logEntry>
                <logEntry id="1725431646142" logLevel="Debug" messageType="General">Update browser window handles.</logEntry>
                <logEntry id="1725431646153" logLevel="Update" messageType="General">Successfully updated browser window handles.</logEntry>
                <logEntry id="1725431646156" messageType="General">All Sub-Test Steps were successful.</logEntry>
                <logEntry id="1725431646170" messageType="General">Going to update browser window handles.</logEntry>
                <logEntry id="1725431646170" logLevel="Debug" messageType="General">Update browser window handles.</logEntry>
                <logEntry id="1725431646181" logLevel="Update" messageType="General">Successfully updated browser window handles.</logEntry>
              </logEntries>
            </executionItem>
            <executionItem endedUtc="1725431646500" executionErrorCount="0" executionStatus="Executed" executionWarningCount="0" failureCount="0" id="root:plans:TP_Regression:TableTesting.testinstance:TableTesting.testcase:2:3:17" iterationIndex="-1" skippedCount="0" startedUtc="1725431646181" successfulCount="1" testApiId="com.provar.plugins.forcedotcom.core.ui.UiWithRow" testItemClass="IApiCall" title="With Country row">
              <childItems>
                <executionItem endedUtc="1725431646469" executionErrorCount="0" executionStatus="Executed" executionWarningCount="0" failureCount="0" id="root:plans:TP_Regression:TableTesting.testinstance:TableTesting.testcase:2:3:17:18" iterationIndex="-1" skippedCount="0" startedUtc="1725431646469" successfulCount="1" testClauseName="substeps" testItemClass="ITestClause" title="Sub Steps">
                  <childItems/>
                </executionItem>
              </childItems>
              <logEntries>
                <logEntry id="1725431646185" messageType="General">Start of With Row.  Connection Name: HTML_Tables, target: ui:pageobject:row?field=example&amp;pageId=pageobjects.HTMLTablePage</logEntry>
                <logEntry id="1725431646219" messageType="General">Switched focus to main window.  URL: https://www.w3schools.com/html/html_tables.asp</logEntry>
                <logEntry id="1725431646298" messageType="General">Applying row locator to rows.  Row Count: 7, Row Locator: 1</logEntry>
                <logEntry id="1725431646460" messageType="General">Matched row number 1</logEntry>
                <logEntry id="1725431646460" messageType="General">Going to update browser window handles.</logEntry>
                <logEntry id="1725431646460" logLevel="Debug" messageType="General">Update browser window handles.</logEntry>
                <logEntry id="1725431646469" logLevel="Update" messageType="General">Successfully updated browser window handles.</logEntry>
                <logEntry id="1725431646471" messageType="General">All Sub-Test Steps were successful.</logEntry>
                <logEntry id="1725431646486" messageType="General">Going to update browser window handles.</logEntry>
                <logEntry id="1725431646486" logLevel="Debug" messageType="General">Update browser window handles.</logEntry>
                <logEntry id="1725431646499" logLevel="Update" messageType="General">Successfully updated browser window handles.</logEntry>
              </logEntries>
            </executionItem>
          </childItems>
        </executionItem>
      </childItems>
      <logEntries>
        <logEntry id="1725431612935" messageType="General">Start of With Screen.  Connection Name: HTML_Tables, target: ui:pageobject:target?pageId=pageobjects.HTMLTablePage</logEntry>
        <logEntry id="1725431613004" messageType="General">Navigating to URL: https://www.w3schools.com/html/html_tables.asp</logEntry>
        <logEntry id="1725431642799" messageType="General">Opening Page context.  Name: screen, data: pageobjects.HTMLTablePage@68031ece, frame: null</logEntry>
        <logEntry id="1725431642800" messageType="General">Going to update browser window handles.</logEntry>
        <logEntry id="1725431642800" logLevel="Debug" messageType="General">Update browser window handles.</logEntry>
        <logEntry id="1725431642820" logLevel="Update" messageType="General">Successfully updated browser window handles.</logEntry>
        <logEntry id="1725431646503" messageType="General">All Sub-Test Steps were successful.</logEntry>
        <logEntry id="1725431646515" messageType="General">Closing Page context.  Name: screen, data: null, frame: null</logEntry>
        <logEntry id="1725431646515" messageType="General">Main window reselected.  Window: main</logEntry>
        <logEntry id="1725431646517" messageType="General">Going to update browser window handles.</logEntry>
        <logEntry id="1725431646517" logLevel="Debug" messageType="General">Update browser window handles.</logEntry>
        <logEntry id="1725431646530" logLevel="Update" messageType="General">Successfully updated browser window handles.</logEntry>
      </logEntries>
    </executionItem>
  </childItems>
</executionItem>
