<?xml version="1.0" encoding="UTF-8" standalone="no"?>
<executionItem endedUtc="1727080550488" executionErrorCount="0" executionStatus="Executed" executionWarningCount="0" failureCount="0" id="root:plans:TP_Regression:Main_Task.testinstance:Main_Task.testcase" iterationIndex="-1" skippedCount="0" startedUtc="1727080530678" successfulCount="1" testCasePath="C:\\Users\\anubhav.gupta\\Provar\\Workspace_2\\LearningProvar\\tests\\Basic Guide Impementation" testItemClass="ITestCase" title="Main_Task.testcase">
  <testItemSummary/>
  <childItems>
    <executionItem endedUtc="1727080538526" executionErrorCount="0" executionStatus="Executed" executionWarningCount="0" failureCount="0" id="root:plans:TP_Regression:Main_Task.testinstance:Main_Task.testcase:1" iterationIndex="-1" skippedCount="0" startedUtc="1727080530695" successfulCount="1" testApiId="com.provar.plugins.forcedotcom.core.testapis.ApexConnect" testItemClass="IApiCall" title="Salesforce Connect: SalesforceConnection (Test)">
      <childItems/>
      <logEntries>
        <logEntry id="1727080530761" messageType="General">AutoRetry overrides:</logEntry>
        <logEntry id="1727080530761" logLevel="Debug" messageType="General">-Provar global variable, provar_autoretry_timeout : 30</logEntry>
        <logEntry id="1727080530761" logLevel="Debug" messageType="General">-Provar global variable, provar_autoretry_override : ENABLE_ALL</logEntry>
        <logEntry id="1727080530761" logLevel="Update" messageType="General">AutoRetry overrides:</logEntry>
        <logEntry id="1727080530771" messageType="General">Connecting to Salesforce as SalesforceConnection</logEntry>
        <logEntry id="1727080530771" logLevel="Debug" messageType="General">Connection details. Connection name: SalesforceConnection, result name: SalesforceConnection, result scope: Test, urlString: sf:user=anubhav.gupta@sandbox.com;password={password};securityToken={securityToken};environment=PROD_DEV;lightningMode=true, environment: &lt;default&gt;, userName: anubhav.gupta@sandbox.com, password: [supplied] securityToken: [supplied]</logEntry>
        <logEntry id="1727080530778" logLevel="Debug" messageType="General">Create object id log file.</logEntry>
        <logEntry id="1727080530778" logLevel="Trace" messageType="General">Absolute path: C:\\Users\\anubhav.gupta\\Provar\\Workspace_2\\LearningProvar\\ANT\\..\\ANT\\Results\\Artifacts\\SalesforceConnection-objectids.log</logEntry>
        <logEntry id="1727080530778" logLevel="Debug" messageType="General">Opening Partner connection</logEntry>
        <logEntry id="1727080530962" logLevel="Trace" messageType="General">Connection configurations: userName: anubhav.gupta@sandbox.com,  password: [supplied], securityToken: [supplied], authEndpoint: https://login.salesforce.com/services/Soap/u/61.0, serviceEndpoint: https://login.salesforce.com/services/Soap/u/61.0</logEntry>
        <logEntry id="1727080535597" messageType="Progress">Getting the User's information: Getting Salesforce user information ... 0%</logEntry>
        <logEntry id="1727080535860" logLevel="Update" messageType="Progress">Getting the User's information ... 100%</logEntry>
        <logEntry id="1727080535860" logLevel="Debug" messageType="General">Opening SOAP connection</logEntry>
        <logEntry id="1727080535860" logLevel="Trace" messageType="General">Connection configurations: userName: anubhav.gupta@sandbox.com,  password: [supplied], securityToken: [supplied], authEndpoint: https://login.salesforce.com/services/Soap/u/61.0, serviceEndpoint: https://login.salesforce.com/services/Soap/u/61.0</logEntry>
        <logEntry id="1727080537182" logLevel="Debug" messageType="General">Opening Metadata connection</logEntry>
        <logEntry id="1727080537185" logLevel="Trace" messageType="General">Connection configurations: userName: anubhav.gupta@sandbox.com,  password: [supplied], securityToken: [supplied], authEndpoint: https://login.salesforce.com/services/Soap/u/61.0, serviceEndpoint: https://login.salesforce.com/services/Soap/u/61.0</logEntry>
        <logEntry id="1727080538526" logLevel="Update" messageType="General">Successfully connected to Salesforce as SalesforceConnection</logEntry>
      </logEntries>
    </executionItem>
    <executionItem endedUtc="1727080539761" executionErrorCount="0" executionStatus="Executed" executionWarningCount="0" failureCount="0" id="root:plans:TP_Regression:Main_Task.testinstance:Main_Task.testcase:7" iterationIndex="-1" skippedCount="0" startedUtc="1727080539725" successfulCount="1" testApiId="com.provar.plugins.bundled.apis.control.StepGroup" testItemClass="IApiCall" title="Read Excel">
      <childItems>
        <executionItem endedUtc="1727080539761" executionErrorCount="0" executionStatus="Executed" executionWarningCount="0" failureCount="0" id="root:plans:TP_Regression:Main_Task.testinstance:Main_Task.testcase:7:8" iterationIndex="-1" skippedCount="0" startedUtc="1727080539761" successfulCount="1" testClauseName="hidden" testItemClass="ITestClause" title="Steps">
          <childItems/>
        </executionItem>
      </childItems>
      <logEntries>
        <logEntry id="1727080539725" messageType="ParameterValueSource">Loading data from Parameter Value Source ...</logEntry>
        <logEntry id="1727080539743" messageType="General">Loading Parameter Value Source row 1:</logEntry>
        <logEntry id="1727080539743" messageType="General">==Column=&gt; Name = PrimitiveValueImpl [ value: Anubhav &amp; co., valueId=null, createdUpdateSeq=-1, updatedUpdateSeq=-1]</logEntry>
        <logEntry id="1727080539743" messageType="General">==Column=&gt; Rating = PrimitiveValueImpl [ value: Cold, valueId=null, createdUpdateSeq=-1, updatedUpdateSeq=-1]</logEntry>
        <logEntry id="1727080539743" messageType="General">==Column=&gt; Phone = PrimitiveValueImpl [ value: 7078466107, valueId=null, createdUpdateSeq=-1, updatedUpdateSeq=-1]</logEntry>
        <logEntry id="1727080539743" messageType="General">==Column=&gt; SLA_SerialNo = PrimitiveValueImpl [ value: ABCDE, valueId=null, createdUpdateSeq=-1, updatedUpdateSeq=-1]</logEntry>
        <logEntry id="1727080539743" messageType="General">==Column=&gt; Email = PrimitiveValueImpl [ value: om_11@gmail.com, valueId=null, createdUpdateSeq=-1, updatedUpdateSeq=-1]</logEntry>
        <logEntry id="1727080539743" messageType="General">==Column=&gt; AccountID = PrimitiveValueImpl [ value: 001dL00000V6jdJQAR, valueId=null, createdUpdateSeq=-1, updatedUpdateSeq=-1]</logEntry>
        <logEntry id="1727080539743" messageType="General">==Column=&gt; ContactID = PrimitiveValueImpl [ value: 003dL000008zKp6QAE, valueId=null, createdUpdateSeq=-1, updatedUpdateSeq=-1]</logEntry>
        <logEntry id="1727080539743" messageType="General">Loading Parameter Value Source row 2:</logEntry>
        <logEntry id="1727080539743" messageType="General">==Column=&gt; Name = PrimitiveValueImpl [ value: OM &amp; co., valueId=null, createdUpdateSeq=-1, updatedUpdateSeq=-1]</logEntry>
        <logEntry id="1727080539743" messageType="General">==Column=&gt; Rating = PrimitiveValueImpl [ value: Hot, valueId=null, createdUpdateSeq=-1, updatedUpdateSeq=-1]</logEntry>
        <logEntry id="1727080539743" messageType="General">==Column=&gt; Phone = PrimitiveValueImpl [ value: 7451046311, valueId=null, createdUpdateSeq=-1, updatedUpdateSeq=-1]</logEntry>
        <logEntry id="1727080539743" messageType="General">==Column=&gt; SLA_SerialNo = PrimitiveValueImpl [ value: FGHIJ, valueId=null, createdUpdateSeq=-1, updatedUpdateSeq=-1]</logEntry>
        <logEntry id="1727080539743" messageType="General">==Column=&gt; Email = PrimitiveValueImpl [ value: anubhav_12@gmail.com, valueId=null, createdUpdateSeq=-1, updatedUpdateSeq=-1]</logEntry>
        <logEntry id="1727080539743" messageType="General">==Column=&gt; AccountID = PrimitiveValueImpl [ value: 001dL00000V6RzpQAF, valueId=null, createdUpdateSeq=-1, updatedUpdateSeq=-1]</logEntry>
        <logEntry id="1727080539743" messageType="General">==Column=&gt; ContactID = PrimitiveValueImpl [ value: 003dL000008zGGBQA2, valueId=null, createdUpdateSeq=-1, updatedUpdateSeq=-1]</logEntry>
        <logEntry id="1727080539743" logLevel="Update" messageType="General">Loaded 2 rows from Parameter Value Source.</logEntry>
      </logEntries>
    </executionItem>
    <executionItem endedUtc="1727080539927" executionErrorCount="0" executionStatus="Executed" executionWarningCount="0" failureCount="0" id="root:plans:TP_Regression:Main_Task.testinstance:Main_Task.testcase:30" iterationIndex="-1" skippedCount="0" startedUtc="1727080539761" successfulCount="1" testApiId="com.provar.plugins.forcedotcom.core.testapis.ApexSoqlQuery" testItemClass="IApiCall" title="SOQL Query: select Name from Account=&gt;AccountRows">
      <childItems/>
      <logEntries>
        <logEntry id="1727080539761" messageType="General">Reading a Salesforce object.  Connection Name: SalesforceConnection, Query: select Name from Account</logEntry>
        <logEntry id="1727080539912" messageType="General">Query successful.  Row Count: 26.</logEntry>
      </logEntries>
    </executionItem>
    <executionItem endedUtc="1727080539943" executionErrorCount="0" executionStatus="Executed" executionWarningCount="0" failureCount="0" id="root:plans:TP_Regression:Main_Task.testinstance:Main_Task.testcase:31" iterationIndex="-1" skippedCount="0" startedUtc="1727080539930" successfulCount="1" testApiId="com.provar.plugins.bundled.apis.control.SetValues" testItemClass="IApiCall" title="Set Values: AccountNames">
      <childItems/>
      <logEntries>
        <logEntry id="1727080539943" messageType="General">Setting value AccountNames to 26</logEntry>
        <logEntry id="1727080539943" logLevel="Debug" messageType="General">Configuration: ValueScope:Test</logEntry>
        <logEntry id="1727080539943" logLevel="Update" messageType="General">Successfully set AccountNames to 26</logEntry>
      </logEntries>
    </executionItem>
    <executionItem endedUtc="1727080539961" executionErrorCount="0" executionStatus="Executed" executionWarningCount="0" failureCount="0" id="root:plans:TP_Regression:Main_Task.testinstance:Main_Task.testcase:33" iterationIndex="-1" skippedCount="0" startedUtc="1727080539943" successfulCount="1" testApiId="com.provar.plugins.bundled.apis.list.ListCompare" testItemClass="IApiCall" title="Compare: {AccountRows}=&gt;{AccountRows}">
      <childItems/>
      <logEntries>
        <logEntry id="1727080539943" messageType="General">Comparing List 1 row 1.  Match key: </logEntry>
        <logEntry id="1727080539943" messageType="General">Matched List 1 row 1 to List 2 row 1., Match key: </logEntry>
        <logEntry id="1727080539943" messageType="General">Comparing column Id.  List 1 value: null, List 2 value: null</logEntry>
        <logEntry id="1727080539943" messageType="General">Comparing column Name.  List 1 value: Edge Communications, List 2 value: Edge Communications</logEntry>
        <logEntry id="1727080539943" logLevel="Update" messageType="General">List 1 row 1 was successfully compared against List 2 row 1</logEntry>
        <logEntry id="1727080539943" messageType="General">Comparing List 1 row 2.  Match key: </logEntry>
        <logEntry id="1727080539943" messageType="General">Matched List 1 row 2 to List 2 row 2., Match key: </logEntry>
        <logEntry id="1727080539943" messageType="General">Comparing column Id.  List 1 value: null, List 2 value: null</logEntry>
        <logEntry id="1727080539943" messageType="General">Comparing column Name.  List 1 value: Burlington Textiles Corp of America, List 2 value: Burlington Textiles Corp of America</logEntry>
        <logEntry id="1727080539943" logLevel="Update" messageType="General">List 1 row 2 was successfully compared against List 2 row 2</logEntry>
        <logEntry id="1727080539943" messageType="General">Comparing List 1 row 3.  Match key: </logEntry>
        <logEntry id="1727080539943" messageType="General">Matched List 1 row 3 to List 2 row 3., Match key: </logEntry>
        <logEntry id="1727080539943" messageType="General">Comparing column Id.  List 1 value: null, List 2 value: null</logEntry>
        <logEntry id="1727080539943" messageType="General">Comparing column Name.  List 1 value: Pyramid Construction Inc., List 2 value: Pyramid Construction Inc.</logEntry>
        <logEntry id="1727080539957" logLevel="Update" messageType="General">List 1 row 3 was successfully compared against List 2 row 3</logEntry>
        <logEntry id="1727080539957" messageType="General">Comparing List 1 row 4.  Match key: </logEntry>
        <logEntry id="1727080539958" messageType="General">Matched List 1 row 4 to List 2 row 4., Match key: </logEntry>
        <logEntry id="1727080539958" messageType="General">Comparing column Id.  List 1 value: null, List 2 value: null</logEntry>
        <logEntry id="1727080539958" messageType="General">Comparing column Name.  List 1 value: Dickenson plc, List 2 value: Dickenson plc</logEntry>
        <logEntry id="1727080539958" logLevel="Update" messageType="General">List 1 row 4 was successfully compared against List 2 row 4</logEntry>
        <logEntry id="1727080539959" messageType="General">Comparing List 1 row 5.  Match key: </logEntry>
        <logEntry id="1727080539959" messageType="General">Matched List 1 row 5 to List 2 row 5., Match key: </logEntry>
        <logEntry id="1727080539959" messageType="General">Comparing column Id.  List 1 value: null, List 2 value: null</logEntry>
        <logEntry id="1727080539959" messageType="General">Comparing column Name.  List 1 value: Grand Hotels &amp; Resorts Ltd, List 2 value: Grand Hotels &amp; Resorts Ltd</logEntry>
        <logEntry id="1727080539959" logLevel="Update" messageType="General">List 1 row 5 was successfully compared against List 2 row 5</logEntry>
        <logEntry id="1727080539959" messageType="General">Comparing List 1 row 6.  Match key: </logEntry>
        <logEntry id="1727080539959" messageType="General">Matched List 1 row 6 to List 2 row 6., Match key: </logEntry>
        <logEntry id="1727080539960" messageType="General">Comparing column Id.  List 1 value: null, List 2 value: null</logEntry>
        <logEntry id="1727080539960" messageType="General">Comparing column Name.  List 1 value: United Oil &amp; Gas Corp., List 2 value: United Oil &amp; Gas Corp.</logEntry>
        <logEntry id="1727080539960" logLevel="Update" messageType="General">List 1 row 6 was successfully compared against List 2 row 6</logEntry>
        <logEntry id="1727080539960" messageType="General">Comparing List 1 row 7.  Match key: </logEntry>
        <logEntry id="1727080539960" messageType="General">Matched List 1 row 7 to List 2 row 7., Match key: </logEntry>
        <logEntry id="1727080539960" messageType="General">Comparing column Id.  List 1 value: null, List 2 value: null</logEntry>
        <logEntry id="1727080539961" messageType="General">Comparing column Name.  List 1 value: Express Logistics and Transport, List 2 value: Express Logistics and Transport</logEntry>
        <logEntry id="1727080539961" logLevel="Update" messageType="General">List 1 row 7 was successfully compared against List 2 row 7</logEntry>
        <logEntry id="1727080539961" messageType="General">Comparing List 1 row 8.  Match key: </logEntry>
        <logEntry id="1727080539961" messageType="General">Matched List 1 row 8 to List 2 row 8., Match key: </logEntry>
        <logEntry id="1727080539961" messageType="General">Comparing column Id.  List 1 value: null, List 2 value: null</logEntry>
        <logEntry id="1727080539961" messageType="General">Comparing column Name.  List 1 value: University of Arizona, List 2 value: University of Arizona</logEntry>
        <logEntry id="1727080539961" logLevel="Update" messageType="General">List 1 row 8 was successfully compared against List 2 row 8</logEntry>
        <logEntry id="1727080539961" messageType="General">Comparing List 1 row 9.  Match key: </logEntry>
        <logEntry id="1727080539961" messageType="General">Matched List 1 row 9 to List 2 row 9., Match key: </logEntry>
        <logEntry id="1727080539961" messageType="General">Comparing column Id.  List 1 value: null, List 2 value: null</logEntry>
        <logEntry id="1727080539961" messageType="General">Comparing column Name.  List 1 value: United Oil &amp; Gas, UK, List 2 value: United Oil &amp; Gas, UK</logEntry>
        <logEntry id="1727080539961" logLevel="Update" messageType="General">List 1 row 9 was successfully compared against List 2 row 9</logEntry>
        <logEntry id="1727080539961" messageType="General">Comparing List 1 row 10.  Match key: </logEntry>
        <logEntry id="1727080539961" messageType="General">Matched List 1 row 10 to List 2 row 10., Match key: </logEntry>
        <logEntry id="1727080539961" messageType="General">Comparing column Id.  List 1 value: null, List 2 value: null</logEntry>
        <logEntry id="1727080539961" messageType="General">Comparing column Name.  List 1 value: United Oil &amp; Gas, Singapore, List 2 value: United Oil &amp; Gas, Singapore</logEntry>
        <logEntry id="1727080539961" logLevel="Update" messageType="General">List 1 row 10 was successfully compared against List 2 row 10</logEntry>
        <logEntry id="1727080539961" messageType="General">Comparing List 1 row 11.  Match key: </logEntry>
        <logEntry id="1727080539961" messageType="General">Matched List 1 row 11 to List 2 row 11., Match key: </logEntry>
        <logEntry id="1727080539961" messageType="General">Comparing column Id.  List 1 value: null, List 2 value: null</logEntry>
        <logEntry id="1727080539961" messageType="General">Comparing column Name.  List 1 value: GenePoint, List 2 value: GenePoint</logEntry>
        <logEntry id="1727080539961" logLevel="Update" messageType="General">List 1 row 11 was successfully compared against List 2 row 11</logEntry>
        <logEntry id="1727080539961" messageType="General">Comparing List 1 row 12.  Match key: </logEntry>
        <logEntry id="1727080539961" messageType="General">Matched List 1 row 12 to List 2 row 12., Match key: </logEntry>
        <logEntry id="1727080539961" messageType="General">Comparing column Id.  List 1 value: null, List 2 value: null</logEntry>
        <logEntry id="1727080539961" messageType="General">Comparing column Name.  List 1 value: sForce, List 2 value: sForce</logEntry>
        <logEntry id="1727080539961" logLevel="Update" messageType="General">List 1 row 12 was successfully compared against List 2 row 12</logEntry>
        <logEntry id="1727080539961" messageType="General">Comparing List 1 row 13.  Match key: </logEntry>
        <logEntry id="1727080539961" messageType="General">Matched List 1 row 13 to List 2 row 13., Match key: </logEntry>
        <logEntry id="1727080539961" messageType="General">Comparing column Id.  List 1 value: null, List 2 value: null</logEntry>
        <logEntry id="1727080539961" messageType="General">Comparing column Name.  List 1 value: Sample Account for Entitlements, List 2 value: Sample Account for Entitlements</logEntry>
        <logEntry id="1727080539961" logLevel="Update" messageType="General">List 1 row 13 was successfully compared against List 2 row 13</logEntry>
        <logEntry id="1727080539961" messageType="General">Comparing List 1 row 14.  Match key: </logEntry>
        <logEntry id="1727080539961" messageType="General">Matched List 1 row 14 to List 2 row 14., Match key: </logEntry>
        <logEntry id="1727080539961" messageType="General">Comparing column Id.  List 1 value: null, List 2 value: null</logEntry>
        <logEntry id="1727080539961" messageType="General">Comparing column Name.  List 1 value: OM &amp; co., List 2 value: OM &amp; co.</logEntry>
        <logEntry id="1727080539961" logLevel="Update" messageType="General">List 1 row 14 was successfully compared against List 2 row 14</logEntry>
        <logEntry id="1727080539961" messageType="General">Comparing List 1 row 15.  Match key: </logEntry>
        <logEntry id="1727080539961" messageType="General">Matched List 1 row 15 to List 2 row 15., Match key: </logEntry>
        <logEntry id="1727080539961" messageType="General">Comparing column Id.  List 1 value: null, List 2 value: null</logEntry>
        <logEntry id="1727080539961" messageType="General">Comparing column Name.  List 1 value: Anubhav &amp; co., List 2 value: Anubhav &amp; co.</logEntry>
        <logEntry id="1727080539961" logLevel="Update" messageType="General">List 1 row 15 was successfully compared against List 2 row 15</logEntry>
        <logEntry id="1727080539961" messageType="General">Comparing List 1 row 16.  Match key: </logEntry>
        <logEntry id="1727080539961" messageType="General">Matched List 1 row 16 to List 2 row 16., Match key: </logEntry>
        <logEntry id="1727080539961" messageType="General">Comparing column Id.  List 1 value: null, List 2 value: null</logEntry>
        <logEntry id="1727080539961" messageType="General">Comparing column Name.  List 1 value: Strider Bank (ref : LZ9OXXCUNAVX), List 2 value: Strider Bank (ref : LZ9OXXCUNAVX)</logEntry>
        <logEntry id="1727080539961" logLevel="Update" messageType="General">List 1 row 16 was successfully compared against List 2 row 16</logEntry>
        <logEntry id="1727080539961" messageType="General">Comparing List 1 row 17.  Match key: </logEntry>
        <logEntry id="1727080539961" messageType="General">Matched List 1 row 17 to List 2 row 17., Match key: </logEntry>
        <logEntry id="1727080539961" messageType="General">Comparing column Id.  List 1 value: null, List 2 value: null</logEntry>
        <logEntry id="1727080539961" messageType="General">Comparing column Name.  List 1 value: A &amp; D Company, List 2 value: A &amp; D Company</logEntry>
        <logEntry id="1727080539961" logLevel="Update" messageType="General">List 1 row 17 was successfully compared against List 2 row 17</logEntry>
        <logEntry id="1727080539961" messageType="General">Comparing List 1 row 18.  Match key: </logEntry>
        <logEntry id="1727080539961" messageType="General">Matched List 1 row 18 to List 2 row 18., Match key: </logEntry>
        <logEntry id="1727080539961" messageType="General">Comparing column Id.  List 1 value: null, List 2 value: null</logEntry>
        <logEntry id="1727080539961" messageType="General">Comparing column Name.  List 1 value: A &amp; D Company, List 2 value: A &amp; D Company</logEntry>
        <logEntry id="1727080539961" logLevel="Update" messageType="General">List 1 row 18 was successfully compared against List 2 row 18</logEntry>
        <logEntry id="1727080539961" messageType="General">Comparing List 1 row 19.  Match key: </logEntry>
        <logEntry id="1727080539961" messageType="General">Matched List 1 row 19 to List 2 row 19., Match key: </logEntry>
        <logEntry id="1727080539961" messageType="General">Comparing column Id.  List 1 value: null, List 2 value: null</logEntry>
        <logEntry id="1727080539961" messageType="General">Comparing column Name.  List 1 value: A &amp; D Company, List 2 value: A &amp; D Company</logEntry>
        <logEntry id="1727080539961" logLevel="Update" messageType="General">List 1 row 19 was successfully compared against List 2 row 19</logEntry>
        <logEntry id="1727080539961" messageType="General">Comparing List 1 row 20.  Match key: </logEntry>
        <logEntry id="1727080539961" messageType="General">Matched List 1 row 20 to List 2 row 20., Match key: </logEntry>
        <logEntry id="1727080539961" messageType="General">Comparing column Id.  List 1 value: null, List 2 value: null</logEntry>
        <logEntry id="1727080539961" messageType="General">Comparing column Name.  List 1 value: Anubhav, List 2 value: Anubhav</logEntry>
        <logEntry id="1727080539961" logLevel="Update" messageType="General">List 1 row 20 was successfully compared against List 2 row 20</logEntry>
        <logEntry id="1727080539961" messageType="General">Comparing List 1 row 21.  Match key: </logEntry>
        <logEntry id="1727080539961" messageType="General">Matched List 1 row 21 to List 2 row 21., Match key: </logEntry>
        <logEntry id="1727080539961" messageType="General">Comparing column Id.  List 1 value: null, List 2 value: null</logEntry>
        <logEntry id="1727080539961" messageType="General">Comparing column Name.  List 1 value: A &amp; D Company, List 2 value: A &amp; D Company</logEntry>
        <logEntry id="1727080539961" logLevel="Update" messageType="General">List 1 row 21 was successfully compared against List 2 row 21</logEntry>
        <logEntry id="1727080539961" messageType="General">Comparing List 1 row 22.  Match key: </logEntry>
        <logEntry id="1727080539961" messageType="General">Matched List 1 row 22 to List 2 row 22., Match key: </logEntry>
        <logEntry id="1727080539961" messageType="General">Comparing column Id.  List 1 value: null, List 2 value: null</logEntry>
        <logEntry id="1727080539961" messageType="General">Comparing column Name.  List 1 value: A &amp; D Company, List 2 value: A &amp; D Company</logEntry>
        <logEntry id="1727080539961" logLevel="Update" messageType="General">List 1 row 22 was successfully compared against List 2 row 22</logEntry>
        <logEntry id="1727080539961" messageType="General">Comparing List 1 row 23.  Match key: </logEntry>
        <logEntry id="1727080539961" messageType="General">Matched List 1 row 23 to List 2 row 23., Match key: </logEntry>
        <logEntry id="1727080539961" messageType="General">Comparing column Id.  List 1 value: null, List 2 value: null</logEntry>
        <logEntry id="1727080539961" messageType="General">Comparing column Name.  List 1 value: A &amp; D Company, List 2 value: A &amp; D Company</logEntry>
        <logEntry id="1727080539961" logLevel="Update" messageType="General">List 1 row 23 was successfully compared against List 2 row 23</logEntry>
        <logEntry id="1727080539961" messageType="General">Comparing List 1 row 24.  Match key: </logEntry>
        <logEntry id="1727080539961" messageType="General">Matched List 1 row 24 to List 2 row 24., Match key: </logEntry>
        <logEntry id="1727080539961" messageType="General">Comparing column Id.  List 1 value: null, List 2 value: null</logEntry>
        <logEntry id="1727080539961" messageType="General">Comparing column Name.  List 1 value: A &amp; D Company, List 2 value: A &amp; D Company</logEntry>
        <logEntry id="1727080539961" logLevel="Update" messageType="General">List 1 row 24 was successfully compared against List 2 row 24</logEntry>
        <logEntry id="1727080539961" messageType="General">Comparing List 1 row 25.  Match key: </logEntry>
        <logEntry id="1727080539961" messageType="General">Matched List 1 row 25 to List 2 row 25., Match key: </logEntry>
        <logEntry id="1727080539961" messageType="General">Comparing column Id.  List 1 value: null, List 2 value: null</logEntry>
        <logEntry id="1727080539961" messageType="General">Comparing column Name.  List 1 value: A &amp; D Company, List 2 value: A &amp; D Company</logEntry>
        <logEntry id="1727080539961" logLevel="Update" messageType="General">List 1 row 25 was successfully compared against List 2 row 25</logEntry>
        <logEntry id="1727080539961" messageType="General">Comparing List 1 row 26.  Match key: </logEntry>
        <logEntry id="1727080539961" messageType="General">Matched List 1 row 26 to List 2 row 26., Match key: </logEntry>
        <logEntry id="1727080539961" messageType="General">Comparing column Id.  List 1 value: null, List 2 value: null</logEntry>
        <logEntry id="1727080539961" messageType="General">Comparing column Name.  List 1 value: A &amp; D Company, List 2 value: A &amp; D Company</logEntry>
        <logEntry id="1727080539961" logLevel="Update" messageType="General">List 1 row 26 was successfully compared against List 2 row 26</logEntry>
      </logEntries>
    </executionItem>
    <executionItem endedUtc="1727080550488" executionErrorCount="0" executionStatus="Executed" executionWarningCount="0" failureCount="0" id="root:plans:TP_Regression:Main_Task.testinstance:Main_Task.testcase:12" iterationIndex="-1" skippedCount="0" startedUtc="1727080539961" successfulCount="1" testApiId="com.provar.plugins.bundled.apis.control.ForEach" testItemClass="IApiCall" title="For Each: {SourceData}=&gt;Row">
      <childItems>
        <executionItem endedUtc="1727080548532" executionErrorCount="0" executionStatus="Executed" executionWarningCount="0" failureCount="0" id="root:plans:TP_Regression:Main_Task.testinstance:Main_Task.testcase:12:13.0" iterationIndex="0" skippedCount="0" startedUtc="1727080539961" successfulCount="1" testClauseName="substeps" testItemClass="ITestClause" title="Iteration 1">
          <childItems>
            <executionItem endedUtc="1727080545108" executionErrorCount="0" executionStatus="Executed" executionWarningCount="0" failureCount="0" id="root:plans:TP_Regression:Main_Task.testinstance:Main_Task.testcase:12:13.0:2" iterationIndex="-1" skippedCount="0" startedUtc="1727080539961" successfulCount="1" testItemClass="ITestCaseCall" title="Call CallableAccountCreation">
              <childItems>
                <executionItem endedUtc="1727080545107" executionErrorCount="0" executionStatus="Executed" executionWarningCount="0" failureCount="0" id="root:plans:TP_Regression:Main_Task.testinstance:Main_Task.testcase:12:13.0:2:CallableAccountCreation.testcase" iterationIndex="-1" skippedCount="0" startedUtc="1727080539961" successfulCount="1" testCasePath="C:\\Users\\anubhav.gupta\\Provar\\Workspace_2\\LearningProvar\\tests\\Basic Guide Impementation" testItemClass="ITestCase" title="CallableAccountCreation">
                  <testItemSummary/>
                  <childItems>
                    <executionItem endedUtc="1727080539976" executionErrorCount="0" executionStatus="Executed" executionWarningCount="0" failureCount="0" id="root:plans:TP_Regression:Main_Task.testinstance:Main_Task.testcase:12:13.0:2:CallableAccountCreation.testcase:1" iterationIndex="-1" skippedCount="0" startedUtc="1727080539961" successfulCount="1" testApiId="com.provar.plugins.forcedotcom.core.testapis.ApexConnect" testItemClass="IApiCall" title="Salesforce Connect: SalesforceConnection (Test)">
                      <childItems/>
                      <logEntries>
                        <logEntry id="1727080539976" messageType="General">Connecting to Salesforce as SalesforceConnection</logEntry>
                        <logEntry id="1727080539976" logLevel="Update" messageType="General">Re-using existing connection. Connection: SalesforceConnection, Result Name: SalesforceConnection</logEntry>
                      </logEntries>
                    </executionItem>
                    <executionItem endedUtc="1727080545107" executionErrorCount="0" executionStatus="Executed" executionWarningCount="0" failureCount="0" id="root:plans:TP_Regression:Main_Task.testinstance:Main_Task.testcase:12:13.0:2:CallableAccountCreation.testcase:2" iterationIndex="-1" skippedCount="0" startedUtc="1727080539976" successfulCount="1" testApiId="com.provar.plugins.forcedotcom.core.testapis.ApexCreateObject" testItemClass="IApiCall" title="Create Object: Account=&gt;AccountId">
                      <childItems/>
                      <logEntries>
                        <logEntry id="1727080539988" messageType="General">Creating a new Salesforce object.  Connection Name: SalesforceConnection, Name: Account, field count: 4</logEntry>
                        <logEntry id="1727080540159" logLevel="Warning" messageType="General">Failed to connect to Master Lock Manager - assuming dead.  Host: localhost, port: 63767, cause: Connection refused: no further information</logEntry>
                        <logEntry id="1727080541991" messageType="Progress">Getting the Account Object ... 100%</logEntry>
                        <logEntry id="1727080544479" logLevel="Update" messageType="Progress">Loading Connection model ... 100%</logEntry>
                        <logEntry id="1727080544524" messageType="Progress">Requesting Salesforce metadata.  Request id: 09SdL000002sFovUAE, Object: AccountCleanInfo and 66 more</logEntry>
                        <logEntry id="1727080544544" messageType="Progress">Requesting Salesforce metadata.  Request id: 09SdL000002sANqUAM, Object: AccountContactRole and 67 more</logEntry>
                        <logEntry id="1727080544557" logLevel="Update" messageType="Progress">Loading Connection model: Loading Salesforce model index from disk ... 100%</logEntry>
                        <logEntry id="1727080544557" logLevel="Update" messageType="Progress">Loading Connection model ... 100%</logEntry>
                        <logEntry id="1727080544575" messageType="Progress">Requesting Salesforce metadata.  Request id: 09SdL000002sFqXUAU, Object: AppointmentInvitee and 51 more</logEntry>
                        <logEntry id="1727080544591" messageType="Progress">Requesting Salesforce metadata.  Request id: 09SdL000002sFs9UAE, Object: AppointmentTopicTimeSlot and 64 more</logEntry>
                        <logEntry id="1727080544619" logLevel="Update" messageType="Progress">Loading Connection model: Loading the Account object from disk ... 100%</logEntry>
                        <logEntry id="1727080544619" logLevel="Update" messageType="Progress">Loading Connection model ... 100%</logEntry>
                        <logEntry id="1727080544844" messageType="General">Setting fields:</logEntry>
                        <logEntry id="1727080544844" messageType="General">=Field=&gt; SLASerialNumber__c = ABCDE</logEntry>
                        <logEntry id="1727080544844" messageType="General">=Field=&gt; Phone = 7078466107</logEntry>
                        <logEntry id="1727080544844" messageType="General">=Field=&gt; Rating = Cold</logEntry>
                        <logEntry id="1727080544844" messageType="General">=Field=&gt; Name = Anubhav &amp; co.</logEntry>
                        <logEntry id="1727080545106" logLevel="Summary" messageType="General">Account created successfully.  Object Id: &lt;a href='sf:object?object=Account&amp;id=001dL00000V6TzzQAF&amp;connection=SalesforceConnection'&gt;001dL00000V6TzzQAF&lt;/a&gt;, Result Name: AccountId</logEntry>
                        <logEntry id="1727080545106" messageType="General">Logging Salesforce Object Id for clean up.  Object Name: Account, id: 001dL00000V6TzzQAF</logEntry>
                      </logEntries>
                    </executionItem>
                  </childItems>
                </executionItem>
              </childItems>
              <logEntries>
                <logEntry id="1727080545108" messageType="General">Handling managed resource.  Name: SalesforceConnection</logEntry>
                <logEntry id="1727080545108" logLevel="Debug" messageType="General">Not closing Salesforce Connection because it is still being used.  Name: SalesforceConnection</logEntry>
                <logEntry id="1727080545108" logLevel="Update" messageType="General">Salesforce Connection handled successfully.  Name: SalesforceConnection</logEntry>
              </logEntries>
            </executionItem>
            <executionItem endedUtc="1727080545574" executionErrorCount="0" executionStatus="Executed" executionWarningCount="0" failureCount="0" id="root:plans:TP_Regression:Main_Task.testinstance:Main_Task.testcase:12:13.0:3" iterationIndex="-1" skippedCount="0" startedUtc="1727080545111" successfulCount="1" testItemClass="ITestCaseCall" title="Call CallableCreateContact">
              <childItems>
                <executionItem endedUtc="1727080545574" executionErrorCount="0" executionStatus="Executed" executionWarningCount="0" failureCount="0" id="root:plans:TP_Regression:Main_Task.testinstance:Main_Task.testcase:12:13.0:3:CallableCreateContact.testcase" iterationIndex="-1" skippedCount="0" startedUtc="1727080545111" successfulCount="1" testCasePath="C:\\Users\\anubhav.gupta\\Provar\\Workspace_2\\LearningProvar\\tests\\Basic Guide Impementation" testItemClass="ITestCase" title="CallableCreateContact">
                  <testItemSummary/>
                  <childItems>
                    <executionItem endedUtc="1727080545118" executionErrorCount="0" executionStatus="Executed" executionWarningCount="0" failureCount="0" id="root:plans:TP_Regression:Main_Task.testinstance:Main_Task.testcase:12:13.0:3:CallableCreateContact.testcase:1" iterationIndex="-1" skippedCount="0" startedUtc="1727080545112" successfulCount="1" testApiId="com.provar.plugins.forcedotcom.core.testapis.ApexConnect" testItemClass="IApiCall" title="Salesforce Connect: SalesforceConnection (Test)">
                      <childItems/>
                      <logEntries>
                        <logEntry id="1727080545118" messageType="General">Connecting to Salesforce as SalesforceConnection</logEntry>
                        <logEntry id="1727080545118" logLevel="Update" messageType="General">Re-using existing connection. Connection: SalesforceConnection, Result Name: SalesforceConnection</logEntry>
                      </logEntries>
                    </executionItem>
                    <executionItem endedUtc="1727080545574" executionErrorCount="0" executionStatus="Executed" executionWarningCount="0" failureCount="0" id="root:plans:TP_Regression:Main_Task.testinstance:Main_Task.testcase:12:13.0:3:CallableCreateContact.testcase:2" iterationIndex="-1" skippedCount="0" startedUtc="1727080545118" successfulCount="1" testApiId="com.provar.plugins.forcedotcom.core.testapis.ApexCreateObject" testItemClass="IApiCall" title="Create Object: Contact=&gt;ContactId">
                      <childItems/>
                      <logEntries>
                        <logEntry id="1727080545125" messageType="General">Creating a new Salesforce object.  Connection Name: SalesforceConnection, Name: Contact, field count: 6</logEntry>
                        <logEntry id="1727080545316" messageType="General">Setting fields:</logEntry>
                        <logEntry id="1727080545316" messageType="General">=Field=&gt; AccountId = 001dL00000V6TzzQAF</logEntry>
                        <logEntry id="1727080545316" messageType="General">=Field=&gt; Email = om_11@gmail.com</logEntry>
                        <logEntry id="1727080545316" messageType="General">=Field=&gt; FirstName = Om</logEntry>
                        <logEntry id="1727080545316" messageType="General">=Field=&gt; Phone = 7078466107</logEntry>
                        <logEntry id="1727080545316" messageType="General">=Field=&gt; LastName = Gupta</logEntry>
                        <logEntry id="1727080545316" messageType="General">=Field=&gt; Salutation = Mr.</logEntry>
                        <logEntry id="1727080545573" logLevel="Summary" messageType="General">Contact created successfully.  Object Id: &lt;a href='sf:object?object=Contact&amp;id=003dL000008zPEgQAM&amp;connection=SalesforceConnection'&gt;003dL000008zPEgQAM&lt;/a&gt;, Result Name: ContactId</logEntry>
                        <logEntry id="1727080545573" messageType="General">Logging Salesforce Object Id for clean up.  Object Name: Contact, id: 003dL000008zPEgQAM</logEntry>
                      </logEntries>
                    </executionItem>
                  </childItems>
                </executionItem>
              </childItems>
              <logEntries>
                <logEntry id="1727080545574" messageType="General">Handling managed resource.  Name: SalesforceConnection</logEntry>
                <logEntry id="1727080545574" logLevel="Debug" messageType="General">Not closing Salesforce Connection because it is still being used.  Name: SalesforceConnection</logEntry>
                <logEntry id="1727080545574" logLevel="Update" messageType="General">Salesforce Connection handled successfully.  Name: SalesforceConnection</logEntry>
              </logEntries>
            </executionItem>
            <executionItem endedUtc="1727080545858" executionErrorCount="0" executionStatus="Executed" executionWarningCount="0" failureCount="0" id="root:plans:TP_Regression:Main_Task.testinstance:Main_Task.testcase:12:13.0:4" iterationIndex="-1" skippedCount="0" startedUtc="1727080545574" successfulCount="1" testApiId="com.provar.plugins.forcedotcom.core.testapis.ApexReadObject" testItemClass="IApiCall" title="Read Object: Contact = 003dL000008zPEgQAM">
              <childItems/>
              <logEntries>
                <logEntry id="1727080545595" messageType="General">Reading a Salesforce object.  Connection Name: SalesforceConnection, Name: Contact, Id: 003dL000008zPEgQAM, field count: 3</logEntry>
                <logEntry id="1727080545597" logLevel="Debug" messageType="General">Executing SOQL query: select Email, AccountId, Phone from Contact where id = '003dL000008zPEgQAM'</logEntry>
                <logEntry id="1727080545858" messageType="General">Object read successfully.  Result Name: ContactRead</logEntry>
                <logEntry id="1727080545858" messageType="AssertionSuccessful">Result assertion 'Check Email' successful: 'om_11@gmail.com' = 'om_11@gmail.com'</logEntry>
                <logEntry id="1727080545858" messageType="AssertionSuccessful">Result assertion 'Check AccountId' successful: '001dL00000V6TzzQAF' = '001dL00000V6TzzQAF'</logEntry>
                <logEntry id="1727080545858" messageType="AssertionSuccessful">Result assertion 'Check Phone' successful: '7078466107' = '7078466107'</logEntry>
              </logEntries>
            </executionItem>
            <executionItem endedUtc="1727080545874" executionErrorCount="0" executionStatus="Executed" executionWarningCount="0" failureCount="0" id="root:plans:TP_Regression:Main_Task.testinstance:Main_Task.testcase:12:13.0:27" iterationIndex="-1" skippedCount="0" startedUtc="1727080545858" successfulCount="1" testApiId="com.provar.plugins.bundled.apis.control.SetValues" testItemClass="IApiCall" title="Set Values: Var.SLA_SerialNo">
              <childItems/>
              <logEntries>
                <logEntry id="1727080545874" messageType="General">Setting value Var.AccountID to 001dL00000V6TzzQAF</logEntry>
                <logEntry id="1727080545874" logLevel="Debug" messageType="General">Configuration: ValueScope:Test</logEntry>
                <logEntry id="1727080545874" logLevel="Update" messageType="General">Successfully set Var.AccountID to 001dL00000V6TzzQAF</logEntry>
                <logEntry id="1727080545874" messageType="General">Setting value Var.ContactID to 003dL000008zPEgQAM</logEntry>
                <logEntry id="1727080545874" logLevel="Debug" messageType="General">Configuration: ValueScope:Test</logEntry>
                <logEntry id="1727080545874" logLevel="Update" messageType="General">Successfully set Var.ContactID to 003dL000008zPEgQAM</logEntry>
                <logEntry id="1727080545874" messageType="General">Setting value Var.SLA_SerialNo to ABCDE</logEntry>
                <logEntry id="1727080545874" logLevel="Debug" messageType="General">Configuration: ValueScope:Test</logEntry>
                <logEntry id="1727080545874" logLevel="Update" messageType="General">Successfully set Var.SLA_SerialNo to ABCDE</logEntry>
              </logEntries>
            </executionItem>
            <executionItem endedUtc="1727080547604" executionErrorCount="0" executionStatus="Executed" executionWarningCount="0" failureCount="0" id="root:plans:TP_Regression:Main_Task.testinstance:Main_Task.testcase:12:13.0:28" iterationIndex="-1" skippedCount="0" startedUtc="1727080545874" successfulCount="1" testApiId="com.provar.plugins.bundled.apis.io.Write" testItemClass="IApiCall" title="Write: {Var}=&gt;templates/DATA.xlsx">
              <childItems/>
              <logEntries>
                <logEntry id="1727080545885" messageType="General">Writing to URL templates/DATA.xlsx</logEntry>
                <logEntry id="1727080545886" messageType="General">Start of Excel Write.  WorkbookPath: templates/DATA.xlsx, excludeCols: [none]</logEntry>
                <logEntry id="1727080545889" messageType="General">Workbook location: C:\\Users\\anubhav.gupta\\Provar\\Workspace_2\\LearningProvar\\templates\\DATA.xlsx</logEntry>
                <logEntry id="1727080547360" messageType="General">Applying match locator  Data Count: 2, Match Locator: {SLA_SerialNo = "ABCDE"}</logEntry>
                <logEntry id="1727080547360" messageType="General">The match locator matched 1 row(s).</logEntry>
                <logEntry id="1727080547360" messageType="General">Updating data in excel sheet: Day-01</logEntry>
                <logEntry id="1727080547528" logLevel="Update" messageType="General">Updated data in excel sheet: Day-01</logEntry>
              </logEntries>
            </executionItem>
            <executionItem endedUtc="1727080548139" executionErrorCount="0" executionStatus="Executed" executionWarningCount="0" failureCount="0" id="root:plans:TP_Regression:Main_Task.testinstance:Main_Task.testcase:12:13.0:18" iterationIndex="-1" skippedCount="0" startedUtc="1727080547606" successfulCount="1" testApiId="com.provar.plugins.forcedotcom.core.testapis.ApexDeleteObject" testItemClass="IApiCall" title="Delete Object: 003dL000008zPEgQAM">
              <childItems/>
              <logEntries>
                <logEntry id="1727080547611" messageType="General">Deleting an existing Salesforce object.  Connection Name: SalesforceConnection, Id: 003dL000008zPEgQAM</logEntry>
                <logEntry id="1727080548139" messageType="General">Object deleted successfully.  Object Id: 003dL000008zPEgQAM</logEntry>
              </logEntries>
            </executionItem>
            <executionItem endedUtc="1727080548531" executionErrorCount="0" executionStatus="Executed" executionWarningCount="0" failureCount="0" id="root:plans:TP_Regression:Main_Task.testinstance:Main_Task.testcase:12:13.0:21" iterationIndex="-1" skippedCount="0" startedUtc="1727080548139" successfulCount="1" testApiId="com.provar.plugins.forcedotcom.core.testapis.ApexDeleteObject" testItemClass="IApiCall" title="Delete Object: 001dL00000V6TzzQAF">
              <childItems/>
              <logEntries>
                <logEntry id="1727080548154" messageType="General">Deleting an existing Salesforce object.  Connection Name: SalesforceConnection, Id: 001dL00000V6TzzQAF</logEntry>
                <logEntry id="1727080548531" messageType="General">Object deleted successfully.  Object Id: 001dL00000V6TzzQAF</logEntry>
              </logEntries>
            </executionItem>
          </childItems>
        </executionItem>
        <executionItem endedUtc="1727080550488" executionErrorCount="0" executionStatus="Executed" executionWarningCount="0" failureCount="0" id="root:plans:TP_Regression:Main_Task.testinstance:Main_Task.testcase:12:13.1" iterationIndex="1" skippedCount="0" startedUtc="1727080548535" successfulCount="1" testClauseName="substeps" testItemClass="ITestClause" title="Iteration 2">
          <childItems>
            <executionItem endedUtc="1727080548982" executionErrorCount="0" executionStatus="Executed" executionWarningCount="0" failureCount="0" id="root:plans:TP_Regression:Main_Task.testinstance:Main_Task.testcase:12:13.1:2" iterationIndex="-1" skippedCount="0" startedUtc="1727080548535" successfulCount="1" testItemClass="ITestCaseCall" title="Call CallableAccountCreation">
              <childItems>
                <executionItem endedUtc="1727080548978" executionErrorCount="0" executionStatus="Executed" executionWarningCount="0" failureCount="0" id="root:plans:TP_Regression:Main_Task.testinstance:Main_Task.testcase:12:13.1:2:CallableAccountCreation.testcase" iterationIndex="-1" skippedCount="0" startedUtc="1727080548536" successfulCount="1" testCasePath="C:\\Users\\anubhav.gupta\\Provar\\Workspace_2\\LearningProvar\\tests\\Basic Guide Impementation" testItemClass="ITestCase" title="CallableAccountCreation">
                  <testItemSummary/>
                  <childItems>
                    <executionItem endedUtc="1727080548545" executionErrorCount="0" executionStatus="Executed" executionWarningCount="0" failureCount="0" id="root:plans:TP_Regression:Main_Task.testinstance:Main_Task.testcase:12:13.1:2:CallableAccountCreation.testcase:1" iterationIndex="-1" skippedCount="0" startedUtc="1727080548536" successfulCount="1" testApiId="com.provar.plugins.forcedotcom.core.testapis.ApexConnect" testItemClass="IApiCall" title="Salesforce Connect: SalesforceConnection (Test)">
                      <childItems/>
                      <logEntries>
                        <logEntry id="1727080548544" messageType="General">Connecting to Salesforce as SalesforceConnection</logEntry>
                        <logEntry id="1727080548544" logLevel="Update" messageType="General">Re-using existing connection. Connection: SalesforceConnection, Result Name: SalesforceConnection</logEntry>
                      </logEntries>
                    </executionItem>
                    <executionItem endedUtc="1727080548978" executionErrorCount="0" executionStatus="Executed" executionWarningCount="0" failureCount="0" id="root:plans:TP_Regression:Main_Task.testinstance:Main_Task.testcase:12:13.1:2:CallableAccountCreation.testcase:2" iterationIndex="-1" skippedCount="0" startedUtc="1727080548545" successfulCount="1" testApiId="com.provar.plugins.forcedotcom.core.testapis.ApexCreateObject" testItemClass="IApiCall" title="Create Object: Account=&gt;AccountId">
                      <childItems/>
                      <logEntries>
                        <logEntry id="1727080548547" messageType="General">Creating a new Salesforce object.  Connection Name: SalesforceConnection, Name: Account, field count: 4</logEntry>
                        <logEntry id="1727080548769" messageType="General">Setting fields:</logEntry>
                        <logEntry id="1727080548769" messageType="General">=Field=&gt; SLASerialNumber__c = FGHIJ</logEntry>
                        <logEntry id="1727080548769" messageType="General">=Field=&gt; Phone = 7451046311</logEntry>
                        <logEntry id="1727080548769" messageType="General">=Field=&gt; Rating = Hot</logEntry>
                        <logEntry id="1727080548769" messageType="General">=Field=&gt; Name = OM &amp; co.</logEntry>
                        <logEntry id="1727080548976" logLevel="Summary" messageType="General">Account created successfully.  Object Id: &lt;a href='sf:object?object=Account&amp;id=001dL00000V6dw6QAB&amp;connection=SalesforceConnection'&gt;001dL00000V6dw6QAB&lt;/a&gt;, Result Name: AccountId</logEntry>
                        <logEntry id="1727080548976" messageType="General">Logging Salesforce Object Id for clean up.  Object Name: Account, id: 001dL00000V6dw6QAB</logEntry>
                      </logEntries>
                    </executionItem>
                  </childItems>
                </executionItem>
              </childItems>
              <logEntries>
                <logEntry id="1727080548982" messageType="General">Handling managed resource.  Name: SalesforceConnection</logEntry>
                <logEntry id="1727080548982" logLevel="Debug" messageType="General">Not closing Salesforce Connection because it is still being used.  Name: SalesforceConnection</logEntry>
                <logEntry id="1727080548982" logLevel="Update" messageType="General">Salesforce Connection handled successfully.  Name: SalesforceConnection</logEntry>
              </logEntries>
            </executionItem>
            <executionItem endedUtc="1727080549479" executionErrorCount="0" executionStatus="Executed" executionWarningCount="0" failureCount="0" id="root:plans:TP_Regression:Main_Task.testinstance:Main_Task.testcase:12:13.1:3" iterationIndex="-1" skippedCount="0" startedUtc="1727080548982" successfulCount="1" testItemClass="ITestCaseCall" title="Call CallableCreateContact">
              <childItems>
                <executionItem endedUtc="1727080549479" executionErrorCount="0" executionStatus="Executed" executionWarningCount="0" failureCount="0" id="root:plans:TP_Regression:Main_Task.testinstance:Main_Task.testcase:12:13.1:3:CallableCreateContact.testcase" iterationIndex="-1" skippedCount="0" startedUtc="1727080548982" successfulCount="1" testCasePath="C:\\Users\\anubhav.gupta\\Provar\\Workspace_2\\LearningProvar\\tests\\Basic Guide Impementation" testItemClass="ITestCase" title="CallableCreateContact">
                  <testItemSummary/>
                  <childItems>
                    <executionItem endedUtc="1727080548995" executionErrorCount="0" executionStatus="Executed" executionWarningCount="0" failureCount="0" id="root:plans:TP_Regression:Main_Task.testinstance:Main_Task.testcase:12:13.1:3:CallableCreateContact.testcase:1" iterationIndex="-1" skippedCount="0" startedUtc="1727080548982" successfulCount="1" testApiId="com.provar.plugins.forcedotcom.core.testapis.ApexConnect" testItemClass="IApiCall" title="Salesforce Connect: SalesforceConnection (Test)">
                      <childItems/>
                      <logEntries>
                        <logEntry id="1727080548994" messageType="General">Connecting to Salesforce as SalesforceConnection</logEntry>
                        <logEntry id="1727080548994" logLevel="Update" messageType="General">Re-using existing connection. Connection: SalesforceConnection, Result Name: SalesforceConnection</logEntry>
                      </logEntries>
                    </executionItem>
                    <executionItem endedUtc="1727080549479" executionErrorCount="0" executionStatus="Executed" executionWarningCount="0" failureCount="0" id="root:plans:TP_Regression:Main_Task.testinstance:Main_Task.testcase:12:13.1:3:CallableCreateContact.testcase:2" iterationIndex="-1" skippedCount="0" startedUtc="1727080548995" successfulCount="1" testApiId="com.provar.plugins.forcedotcom.core.testapis.ApexCreateObject" testItemClass="IApiCall" title="Create Object: Contact=&gt;ContactId">
                      <childItems/>
                      <logEntries>
                        <logEntry id="1727080548998" messageType="General">Creating a new Salesforce object.  Connection Name: SalesforceConnection, Name: Contact, field count: 6</logEntry>
                        <logEntry id="1727080549156" messageType="General">Setting fields:</logEntry>
                        <logEntry id="1727080549156" messageType="General">=Field=&gt; AccountId = 001dL00000V6dw6QAB</logEntry>
                        <logEntry id="1727080549156" messageType="General">=Field=&gt; Email = anubhav_12@gmail.com</logEntry>
                        <logEntry id="1727080549156" messageType="General">=Field=&gt; FirstName = Om</logEntry>
                        <logEntry id="1727080549156" messageType="General">=Field=&gt; Phone = 7451046311</logEntry>
                        <logEntry id="1727080549156" messageType="General">=Field=&gt; LastName = Gupta</logEntry>
                        <logEntry id="1727080549156" messageType="General">=Field=&gt; Salutation = Mr.</logEntry>
                        <logEntry id="1727080549477" logLevel="Summary" messageType="General">Contact created successfully.  Object Id: &lt;a href='sf:object?object=Contact&amp;id=003dL000008zQozQAE&amp;connection=SalesforceConnection'&gt;003dL000008zQozQAE&lt;/a&gt;, Result Name: ContactId</logEntry>
                        <logEntry id="1727080549477" messageType="General">Logging Salesforce Object Id for clean up.  Object Name: Contact, id: 003dL000008zQozQAE</logEntry>
                      </logEntries>
                    </executionItem>
                  </childItems>
                </executionItem>
              </childItems>
              <logEntries>
                <logEntry id="1727080549479" messageType="General">Handling managed resource.  Name: SalesforceConnection</logEntry>
                <logEntry id="1727080549479" logLevel="Debug" messageType="General">Not closing Salesforce Connection because it is still being used.  Name: SalesforceConnection</logEntry>
                <logEntry id="1727080549479" logLevel="Update" messageType="General">Salesforce Connection handled successfully.  Name: SalesforceConnection</logEntry>
              </logEntries>
            </executionItem>
            <executionItem endedUtc="1727080549737" executionErrorCount="0" executionStatus="Executed" executionWarningCount="0" failureCount="0" id="root:plans:TP_Regression:Main_Task.testinstance:Main_Task.testcase:12:13.1:4" iterationIndex="-1" skippedCount="0" startedUtc="1727080549479" successfulCount="1" testApiId="com.provar.plugins.forcedotcom.core.testapis.ApexReadObject" testItemClass="IApiCall" title="Read Object: Contact = 003dL000008zQozQAE">
              <childItems/>
              <logEntries>
                <logEntry id="1727080549479" messageType="General">Reading a Salesforce object.  Connection Name: SalesforceConnection, Name: Contact, Id: 003dL000008zQozQAE, field count: 3</logEntry>
                <logEntry id="1727080549479" logLevel="Debug" messageType="General">Executing SOQL query: select Email, AccountId, Phone from Contact where id = '003dL000008zQozQAE'</logEntry>
                <logEntry id="1727080549722" messageType="General">Object read successfully.  Result Name: ContactRead</logEntry>
                <logEntry id="1727080549737" messageType="AssertionSuccessful">Result assertion 'Check Email' successful: 'anubhav_12@gmail.com' = 'anubhav_12@gmail.com'</logEntry>
                <logEntry id="1727080549737" messageType="AssertionSuccessful">Result assertion 'Check AccountId' successful: '001dL00000V6dw6QAB' = '001dL00000V6dw6QAB'</logEntry>
                <logEntry id="1727080549737" messageType="AssertionSuccessful">Result assertion 'Check Phone' successful: '7451046311' = '7451046311'</logEntry>
              </logEntries>
            </executionItem>
            <executionItem endedUtc="1727080549738" executionErrorCount="0" executionStatus="Executed" executionWarningCount="0" failureCount="0" id="root:plans:TP_Regression:Main_Task.testinstance:Main_Task.testcase:12:13.1:27" iterationIndex="-1" skippedCount="0" startedUtc="1727080549738" successfulCount="1" testApiId="com.provar.plugins.bundled.apis.control.SetValues" testItemClass="IApiCall" title="Set Values: Var.SLA_SerialNo">
              <childItems/>
              <logEntries>
                <logEntry id="1727080549738" messageType="General">Setting value Var.AccountID to 001dL00000V6dw6QAB</logEntry>
                <logEntry id="1727080549738" logLevel="Debug" messageType="General">Configuration: ValueScope:Test</logEntry>
                <logEntry id="1727080549738" logLevel="Update" messageType="General">Successfully set Var.AccountID to 001dL00000V6dw6QAB</logEntry>
                <logEntry id="1727080549738" messageType="General">Setting value Var.ContactID to 003dL000008zQozQAE</logEntry>
                <logEntry id="1727080549738" logLevel="Debug" messageType="General">Configuration: ValueScope:Test</logEntry>
                <logEntry id="1727080549738" logLevel="Update" messageType="General">Successfully set Var.ContactID to 003dL000008zQozQAE</logEntry>
                <logEntry id="1727080549738" messageType="General">Setting value Var.SLA_SerialNo to FGHIJ</logEntry>
                <logEntry id="1727080549738" logLevel="Debug" messageType="General">Configuration: ValueScope:Test</logEntry>
                <logEntry id="1727080549738" logLevel="Update" messageType="General">Successfully set Var.SLA_SerialNo to FGHIJ</logEntry>
              </logEntries>
            </executionItem>
            <executionItem endedUtc="1727080549839" executionErrorCount="0" executionStatus="Executed" executionWarningCount="0" failureCount="0" id="root:plans:TP_Regression:Main_Task.testinstance:Main_Task.testcase:12:13.1:28" iterationIndex="-1" skippedCount="0" startedUtc="1727080549738" successfulCount="1" testApiId="com.provar.plugins.bundled.apis.io.Write" testItemClass="IApiCall" title="Write: {Var}=&gt;templates/DATA.xlsx">
              <childItems/>
              <logEntries>
                <logEntry id="1727080549738" messageType="General">Writing to URL templates/DATA.xlsx</logEntry>
                <logEntry id="1727080549738" messageType="General">Start of Excel Write.  WorkbookPath: templates/DATA.xlsx, excludeCols: [none]</logEntry>
                <logEntry id="1727080549738" messageType="General">Workbook location: C:\\Users\\anubhav.gupta\\Provar\\Workspace_2\\LearningProvar\\templates\\DATA.xlsx</logEntry>
                <logEntry id="1727080549811" messageType="General">Applying match locator  Data Count: 2, Match Locator: {SLA_SerialNo = "FGHIJ"}</logEntry>
                <logEntry id="1727080549811" messageType="General">The match locator matched 1 row(s).</logEntry>
                <logEntry id="1727080549811" messageType="General">Updating data in excel sheet: Day-01</logEntry>
                <logEntry id="1727080549822" logLevel="Update" messageType="General">Updated data in excel sheet: Day-01</logEntry>
              </logEntries>
            </executionItem>
            <executionItem endedUtc="1727080550191" executionErrorCount="0" executionStatus="Executed" executionWarningCount="0" failureCount="0" id="root:plans:TP_Regression:Main_Task.testinstance:Main_Task.testcase:12:13.1:18" iterationIndex="-1" skippedCount="0" startedUtc="1727080549839" successfulCount="1" testApiId="com.provar.plugins.forcedotcom.core.testapis.ApexDeleteObject" testItemClass="IApiCall" title="Delete Object: 003dL000008zQozQAE">
              <childItems/>
              <logEntries>
                <logEntry id="1727080549839" messageType="General">Deleting an existing Salesforce object.  Connection Name: SalesforceConnection, Id: 003dL000008zQozQAE</logEntry>
                <logEntry id="1727080550191" messageType="General">Object deleted successfully.  Object Id: 003dL000008zQozQAE</logEntry>
              </logEntries>
            </executionItem>
            <executionItem endedUtc="1727080550488" executionErrorCount="0" executionStatus="Executed" executionWarningCount="0" failureCount="0" id="root:plans:TP_Regression:Main_Task.testinstance:Main_Task.testcase:12:13.1:21" iterationIndex="-1" skippedCount="0" startedUtc="1727080550191" successfulCount="1" testApiId="com.provar.plugins.forcedotcom.core.testapis.ApexDeleteObject" testItemClass="IApiCall" title="Delete Object: 001dL00000V6dw6QAB">
              <childItems/>
              <logEntries>
                <logEntry id="1727080550191" messageType="General">Deleting an existing Salesforce object.  Connection Name: SalesforceConnection, Id: 001dL00000V6dw6QAB</logEntry>
                <logEntry id="1727080550488" messageType="General">Object deleted successfully.  Object Id: 001dL00000V6dw6QAB</logEntry>
              </logEntries>
            </executionItem>
          </childItems>
        </executionItem>
      </childItems>
      <logEntries>
        <logEntry id="1727080539961" messageType="General">Start of iteration 1 of 2.</logEntry>
        <logEntry id="1727080548534" messageType="General">Start of iteration 2 of 2.</logEntry>
        <logEntry id="1727080550488" messageType="General">Reached the end of the List.</logEntry>
      </logEntries>
    </executionItem>
  </childItems>
  <logEntries>
    <logEntry id="1727080538526" messageType="ParameterValueSource">Loading data from Parameter Value Source ...</logEntry>
    <logEntry id="1727080539709" messageType="General">Loading Parameter Value Source row 1:</logEntry>
    <logEntry id="1727080539709" messageType="General">==Column=&gt; Name = PrimitiveValueImpl [ value: Anubhav &amp; co., valueId=null, createdUpdateSeq=-1, updatedUpdateSeq=-1]</logEntry>
    <logEntry id="1727080539709" messageType="General">==Column=&gt; Rating = PrimitiveValueImpl [ value: Cold, valueId=null, createdUpdateSeq=-1, updatedUpdateSeq=-1]</logEntry>
    <logEntry id="1727080539709" messageType="General">==Column=&gt; Phone = PrimitiveValueImpl [ value: 7078466107, valueId=null, createdUpdateSeq=-1, updatedUpdateSeq=-1]</logEntry>
    <logEntry id="1727080539709" messageType="General">==Column=&gt; SLA_SerialNo = PrimitiveValueImpl [ value: ABCDE, valueId=null, createdUpdateSeq=-1, updatedUpdateSeq=-1]</logEntry>
    <logEntry id="1727080539709" messageType="General">==Column=&gt; Email = PrimitiveValueImpl [ value: om_11@gmail.com, valueId=null, createdUpdateSeq=-1, updatedUpdateSeq=-1]</logEntry>
    <logEntry id="1727080539709" messageType="General">==Column=&gt; AccountID = PrimitiveValueImpl [ value: 001dL00000V6jdJQAR, valueId=null, createdUpdateSeq=-1, updatedUpdateSeq=-1]</logEntry>
    <logEntry id="1727080539709" messageType="General">==Column=&gt; ContactID = PrimitiveValueImpl [ value: 003dL000008zKp6QAE, valueId=null, createdUpdateSeq=-1, updatedUpdateSeq=-1]</logEntry>
    <logEntry id="1727080539709" messageType="General">Loading Parameter Value Source row 2:</logEntry>
    <logEntry id="1727080539709" messageType="General">==Column=&gt; Name = PrimitiveValueImpl [ value: OM &amp; co., valueId=null, createdUpdateSeq=-1, updatedUpdateSeq=-1]</logEntry>
    <logEntry id="1727080539709" messageType="General">==Column=&gt; Rating = PrimitiveValueImpl [ value: Hot, valueId=null, createdUpdateSeq=-1, updatedUpdateSeq=-1]</logEntry>
    <logEntry id="1727080539709" messageType="General">==Column=&gt; Phone = PrimitiveValueImpl [ value: 7451046311, valueId=null, createdUpdateSeq=-1, updatedUpdateSeq=-1]</logEntry>
    <logEntry id="1727080539709" messageType="General">==Column=&gt; SLA_SerialNo = PrimitiveValueImpl [ value: FGHIJ, valueId=null, createdUpdateSeq=-1, updatedUpdateSeq=-1]</logEntry>
    <logEntry id="1727080539709" messageType="General">==Column=&gt; Email = PrimitiveValueImpl [ value: anubhav_12@gmail.com, valueId=null, createdUpdateSeq=-1, updatedUpdateSeq=-1]</logEntry>
    <logEntry id="1727080539709" messageType="General">==Column=&gt; AccountID = PrimitiveValueImpl [ value: 001dL00000V6RzpQAF, valueId=null, createdUpdateSeq=-1, updatedUpdateSeq=-1]</logEntry>
    <logEntry id="1727080539709" messageType="General">==Column=&gt; ContactID = PrimitiveValueImpl [ value: 003dL000008zGGBQA2, valueId=null, createdUpdateSeq=-1, updatedUpdateSeq=-1]</logEntry>
    <logEntry id="1727080539709" logLevel="Update" messageType="General">Loaded 2 rows from Parameter Value Source.</logEntry>
  </logEntries>
</executionItem>
