<?xml version="1.0" encoding="UTF-8" standalone="no"?>
<executionItem endedUtc="1725431611003" executionErrorCount="0" executionStatus="Executed" executionWarningCount="0" failureCount="0" id="root:plans:TP_Regression:Main_Task.testinstance:Main_Task.testcase" iterationIndex="-1" skippedCount="0" startedUtc="1725431583018" successfulCount="1" testCasePath="C:\\Users\\anubhav.gupta\\Provar_Workspaces\\Workspace_2\\LearningProvar\\tests\\Basic Guide Impementation" testItemClass="ITestCase" title="Main_Task.testcase">
  <testItemSummary/>
  <childItems>
    <executionItem endedUtc="1725431590227" executionErrorCount="0" executionStatus="Executed" executionWarningCount="0" failureCount="0" id="root:plans:TP_Regression:Main_Task.testinstance:Main_Task.testcase:1" iterationIndex="-1" skippedCount="0" startedUtc="1725431583081" successfulCount="1" testApiId="com.provar.plugins.forcedotcom.core.testapis.ApexConnect" testItemClass="IApiCall" title="Salesforce Connect: SalesforceConnection (Test)">
      <childItems/>
      <logEntries>
        <logEntry id="1725431583211" messageType="General">AutoRetry overrides:</logEntry>
        <logEntry id="1725431583211" logLevel="Debug" messageType="General">-Provar global variable, provar_autoretry_timeout : 30</logEntry>
        <logEntry id="1725431583218" logLevel="Debug" messageType="General">-Provar global variable, provar_autoretry_override : ENABLE_ALL</logEntry>
        <logEntry id="1725431583221" logLevel="Update" messageType="General">AutoRetry overrides:</logEntry>
        <logEntry id="1725431583222" messageType="General">Connecting to Salesforce as SalesforceConnection</logEntry>
        <logEntry id="1725431583238" logLevel="Debug" messageType="General">Connection details. Connection name: SalesforceConnection, result name: SalesforceConnection, result scope: Test, urlString: sf:user=anubhav.gupta@sandbox.com;password={password};securityToken={securityToken};environment=PROD_DEV;lightningMode=true, environment: &lt;default&gt;, userName: anubhav.gupta@sandbox.com, password: [supplied] securityToken: [supplied]</logEntry>
        <logEntry id="1725431583238" logLevel="Debug" messageType="General">Create object id log file.</logEntry>
        <logEntry id="1725431583238" logLevel="Trace" messageType="General">Absolute path: C:\\Users\\anubhav.gupta\\Provar_Workspaces\\Workspace_2\\LearningProvar\\ANT\\..\\ANT\\Results\\Artifacts\\SalesforceConnection-objectids.log</logEntry>
        <logEntry id="1725431583238" logLevel="Debug" messageType="General">Opening Partner connection</logEntry>
        <logEntry id="1725431583426" logLevel="Trace" messageType="General">Connection configurations: userName: anubhav.gupta@sandbox.com,  password: [supplied], securityToken: [supplied], authEndpoint: https://login.salesforce.com/services/Soap/u/61.0, serviceEndpoint: https://login.salesforce.com/services/Soap/u/61.0</logEntry>
        <logEntry id="1725431587533" logLevel="Debug" messageType="General">Opening SOAP connection</logEntry>
        <logEntry id="1725431587533" logLevel="Trace" messageType="General">Connection configurations: userName: anubhav.gupta@sandbox.com,  password: [supplied], securityToken: [supplied], authEndpoint: https://login.salesforce.com/services/Soap/u/61.0, serviceEndpoint: https://login.salesforce.com/services/Soap/u/61.0</logEntry>
        <logEntry id="1725431588879" logLevel="Debug" messageType="General">Opening Metadata connection</logEntry>
        <logEntry id="1725431588879" logLevel="Trace" messageType="General">Connection configurations: userName: anubhav.gupta@sandbox.com,  password: [supplied], securityToken: [supplied], authEndpoint: https://login.salesforce.com/services/Soap/u/61.0, serviceEndpoint: https://login.salesforce.com/services/Soap/u/61.0</logEntry>
        <logEntry id="1725431590218" logLevel="Update" messageType="General">Successfully connected to Salesforce as SalesforceConnection</logEntry>
      </logEntries>
    </executionItem>
    <executionItem endedUtc="1725431591832" executionErrorCount="0" executionStatus="Executed" executionWarningCount="0" failureCount="0" id="root:plans:TP_Regression:Main_Task.testinstance:Main_Task.testcase:7" iterationIndex="-1" skippedCount="0" startedUtc="1725431591769" successfulCount="1" testApiId="com.provar.plugins.bundled.apis.control.StepGroup" testItemClass="IApiCall" title="Read Excel">
      <childItems>
        <executionItem endedUtc="1725431591829" executionErrorCount="0" executionStatus="Executed" executionWarningCount="0" failureCount="0" id="root:plans:TP_Regression:Main_Task.testinstance:Main_Task.testcase:7:8" iterationIndex="-1" skippedCount="0" startedUtc="1725431591829" successfulCount="1" testClauseName="hidden" testItemClass="ITestClause" title="Steps">
          <childItems/>
        </executionItem>
      </childItems>
      <logEntries>
        <logEntry id="1725431591769" messageType="ParameterValueSource">Loading data from Parameter Value Source ...</logEntry>
        <logEntry id="1725431591816" messageType="General">Loading Parameter Value Source row 1:</logEntry>
        <logEntry id="1725431591816" messageType="General">==Column=&gt; Name = PrimitiveValueImpl [ value: Anubhav &amp; co., valueId=null, createdUpdateSeq=-1, updatedUpdateSeq=-1]</logEntry>
        <logEntry id="1725431591816" messageType="General">==Column=&gt; Rating = PrimitiveValueImpl [ value: Cold, valueId=null, createdUpdateSeq=-1, updatedUpdateSeq=-1]</logEntry>
        <logEntry id="1725431591816" messageType="General">==Column=&gt; Phone = PrimitiveValueImpl [ value: 7078466107, valueId=null, createdUpdateSeq=-1, updatedUpdateSeq=-1]</logEntry>
        <logEntry id="1725431591816" messageType="General">==Column=&gt; SLA_SerialNo = PrimitiveValueImpl [ value: ABCDE, valueId=null, createdUpdateSeq=-1, updatedUpdateSeq=-1]</logEntry>
        <logEntry id="1725431591816" messageType="General">==Column=&gt; Email = PrimitiveValueImpl [ value: om_11@gmail.com, valueId=null, createdUpdateSeq=-1, updatedUpdateSeq=-1]</logEntry>
        <logEntry id="1725431591816" messageType="General">==Column=&gt; AccountID = PrimitiveValueImpl [ value: 001dL00000RymztQAB, valueId=null, createdUpdateSeq=-1, updatedUpdateSeq=-1]</logEntry>
        <logEntry id="1725431591816" messageType="General">==Column=&gt; ContactID = PrimitiveValueImpl [ value: 003dL0000083LrJQAU, valueId=null, createdUpdateSeq=-1, updatedUpdateSeq=-1]</logEntry>
        <logEntry id="1725431591816" messageType="General">Loading Parameter Value Source row 2:</logEntry>
        <logEntry id="1725431591816" messageType="General">==Column=&gt; Name = PrimitiveValueImpl [ value: OM &amp; co., valueId=null, createdUpdateSeq=-1, updatedUpdateSeq=-1]</logEntry>
        <logEntry id="1725431591816" messageType="General">==Column=&gt; Rating = PrimitiveValueImpl [ value: Hot, valueId=null, createdUpdateSeq=-1, updatedUpdateSeq=-1]</logEntry>
        <logEntry id="1725431591816" messageType="General">==Column=&gt; Phone = PrimitiveValueImpl [ value: 7451046311, valueId=null, createdUpdateSeq=-1, updatedUpdateSeq=-1]</logEntry>
        <logEntry id="1725431591816" messageType="General">==Column=&gt; SLA_SerialNo = PrimitiveValueImpl [ value: FGHIJ, valueId=null, createdUpdateSeq=-1, updatedUpdateSeq=-1]</logEntry>
        <logEntry id="1725431591816" messageType="General">==Column=&gt; Email = PrimitiveValueImpl [ value: anubhav_12@gmail.com, valueId=null, createdUpdateSeq=-1, updatedUpdateSeq=-1]</logEntry>
        <logEntry id="1725431591816" messageType="General">==Column=&gt; AccountID = PrimitiveValueImpl [ value: 001dL00000RyQbuQAF, valueId=null, createdUpdateSeq=-1, updatedUpdateSeq=-1]</logEntry>
        <logEntry id="1725431591816" messageType="General">==Column=&gt; ContactID = PrimitiveValueImpl [ value: 003dL0000083LsvQAE, valueId=null, createdUpdateSeq=-1, updatedUpdateSeq=-1]</logEntry>
        <logEntry id="1725431591816" logLevel="Update" messageType="General">Loaded 2 rows from Parameter Value Source.</logEntry>
      </logEntries>
    </executionItem>
    <executionItem endedUtc="1725431592029" executionErrorCount="0" executionStatus="Executed" executionWarningCount="0" failureCount="0" id="root:plans:TP_Regression:Main_Task.testinstance:Main_Task.testcase:30" iterationIndex="-1" skippedCount="0" startedUtc="1725431591832" successfulCount="1" testApiId="com.provar.plugins.forcedotcom.core.testapis.ApexSoqlQuery" testItemClass="IApiCall" title="SOQL Query: select Name from Account=&gt;AccountRows">
      <childItems/>
      <logEntries>
        <logEntry id="1725431591832" messageType="General">Reading a Salesforce object.  Connection Name: SalesforceConnection, Query: select Name from Account</logEntry>
        <logEntry id="1725431592021" messageType="General">Query successful.  Row Count: 26.</logEntry>
      </logEntries>
    </executionItem>
    <executionItem endedUtc="1725431592058" executionErrorCount="0" executionStatus="Executed" executionWarningCount="0" failureCount="0" id="root:plans:TP_Regression:Main_Task.testinstance:Main_Task.testcase:31" iterationIndex="-1" skippedCount="0" startedUtc="1725431592047" successfulCount="1" testApiId="com.provar.plugins.bundled.apis.control.SetValues" testItemClass="IApiCall" title="Set Values: AccountNames">
      <childItems/>
      <logEntries>
        <logEntry id="1725431592058" messageType="General">Setting value AccountNames to 26</logEntry>
        <logEntry id="1725431592058" logLevel="Debug" messageType="General">Configuration: ValueScope:Test</logEntry>
        <logEntry id="1725431592058" logLevel="Update" messageType="General">Successfully set AccountNames to 26</logEntry>
      </logEntries>
    </executionItem>
    <executionItem endedUtc="1725431592085" executionErrorCount="0" executionStatus="Executed" executionWarningCount="0" failureCount="0" id="root:plans:TP_Regression:Main_Task.testinstance:Main_Task.testcase:33" iterationIndex="-1" skippedCount="0" startedUtc="1725431592058" successfulCount="1" testApiId="com.provar.plugins.bundled.apis.list.ListCompare" testItemClass="IApiCall" title="Compare: {AccountRows}=&gt;{AccountRows}">
      <childItems/>
      <logEntries>
        <logEntry id="1725431592069" messageType="General">Comparing List 1 row 1.  Match key: </logEntry>
        <logEntry id="1725431592069" messageType="General">Matched List 1 row 1 to List 2 row 1., Match key: </logEntry>
        <logEntry id="1725431592069" messageType="General">Comparing column Id.  List 1 value: null, List 2 value: null</logEntry>
        <logEntry id="1725431592069" messageType="General">Comparing column Name.  List 1 value: Edge Communications, List 2 value: Edge Communications</logEntry>
        <logEntry id="1725431592069" logLevel="Update" messageType="General">List 1 row 1 was successfully compared against List 2 row 1</logEntry>
        <logEntry id="1725431592069" messageType="General">Comparing List 1 row 2.  Match key: </logEntry>
        <logEntry id="1725431592069" messageType="General">Matched List 1 row 2 to List 2 row 2., Match key: </logEntry>
        <logEntry id="1725431592069" messageType="General">Comparing column Id.  List 1 value: null, List 2 value: null</logEntry>
        <logEntry id="1725431592069" messageType="General">Comparing column Name.  List 1 value: Burlington Textiles Corp of America, List 2 value: Burlington Textiles Corp of America</logEntry>
        <logEntry id="1725431592069" logLevel="Update" messageType="General">List 1 row 2 was successfully compared against List 2 row 2</logEntry>
        <logEntry id="1725431592069" messageType="General">Comparing List 1 row 3.  Match key: </logEntry>
        <logEntry id="1725431592069" messageType="General">Matched List 1 row 3 to List 2 row 3., Match key: </logEntry>
        <logEntry id="1725431592069" messageType="General">Comparing column Id.  List 1 value: null, List 2 value: null</logEntry>
        <logEntry id="1725431592069" messageType="General">Comparing column Name.  List 1 value: Pyramid Construction Inc., List 2 value: Pyramid Construction Inc.</logEntry>
        <logEntry id="1725431592069" logLevel="Update" messageType="General">List 1 row 3 was successfully compared against List 2 row 3</logEntry>
        <logEntry id="1725431592069" messageType="General">Comparing List 1 row 4.  Match key: </logEntry>
        <logEntry id="1725431592069" messageType="General">Matched List 1 row 4 to List 2 row 4., Match key: </logEntry>
        <logEntry id="1725431592069" messageType="General">Comparing column Id.  List 1 value: null, List 2 value: null</logEntry>
        <logEntry id="1725431592069" messageType="General">Comparing column Name.  List 1 value: Dickenson plc, List 2 value: Dickenson plc</logEntry>
        <logEntry id="1725431592069" logLevel="Update" messageType="General">List 1 row 4 was successfully compared against List 2 row 4</logEntry>
        <logEntry id="1725431592069" messageType="General">Comparing List 1 row 5.  Match key: </logEntry>
        <logEntry id="1725431592069" messageType="General">Matched List 1 row 5 to List 2 row 5., Match key: </logEntry>
        <logEntry id="1725431592069" messageType="General">Comparing column Id.  List 1 value: null, List 2 value: null</logEntry>
        <logEntry id="1725431592069" messageType="General">Comparing column Name.  List 1 value: Grand Hotels &amp; Resorts Ltd, List 2 value: Grand Hotels &amp; Resorts Ltd</logEntry>
        <logEntry id="1725431592069" logLevel="Update" messageType="General">List 1 row 5 was successfully compared against List 2 row 5</logEntry>
        <logEntry id="1725431592069" messageType="General">Comparing List 1 row 6.  Match key: </logEntry>
        <logEntry id="1725431592069" messageType="General">Matched List 1 row 6 to List 2 row 6., Match key: </logEntry>
        <logEntry id="1725431592069" messageType="General">Comparing column Id.  List 1 value: null, List 2 value: null</logEntry>
        <logEntry id="1725431592069" messageType="General">Comparing column Name.  List 1 value: United Oil &amp; Gas Corp., List 2 value: United Oil &amp; Gas Corp.</logEntry>
        <logEntry id="1725431592069" logLevel="Update" messageType="General">List 1 row 6 was successfully compared against List 2 row 6</logEntry>
        <logEntry id="1725431592069" messageType="General">Comparing List 1 row 7.  Match key: </logEntry>
        <logEntry id="1725431592069" messageType="General">Matched List 1 row 7 to List 2 row 7., Match key: </logEntry>
        <logEntry id="1725431592069" messageType="General">Comparing column Id.  List 1 value: null, List 2 value: null</logEntry>
        <logEntry id="1725431592069" messageType="General">Comparing column Name.  List 1 value: Express Logistics and Transport, List 2 value: Express Logistics and Transport</logEntry>
        <logEntry id="1725431592069" logLevel="Update" messageType="General">List 1 row 7 was successfully compared against List 2 row 7</logEntry>
        <logEntry id="1725431592069" messageType="General">Comparing List 1 row 8.  Match key: </logEntry>
        <logEntry id="1725431592069" messageType="General">Matched List 1 row 8 to List 2 row 8., Match key: </logEntry>
        <logEntry id="1725431592069" messageType="General">Comparing column Id.  List 1 value: null, List 2 value: null</logEntry>
        <logEntry id="1725431592069" messageType="General">Comparing column Name.  List 1 value: University of Arizona, List 2 value: University of Arizona</logEntry>
        <logEntry id="1725431592069" logLevel="Update" messageType="General">List 1 row 8 was successfully compared against List 2 row 8</logEntry>
        <logEntry id="1725431592069" messageType="General">Comparing List 1 row 9.  Match key: </logEntry>
        <logEntry id="1725431592069" messageType="General">Matched List 1 row 9 to List 2 row 9., Match key: </logEntry>
        <logEntry id="1725431592069" messageType="General">Comparing column Id.  List 1 value: null, List 2 value: null</logEntry>
        <logEntry id="1725431592069" messageType="General">Comparing column Name.  List 1 value: United Oil &amp; Gas, UK, List 2 value: United Oil &amp; Gas, UK</logEntry>
        <logEntry id="1725431592069" logLevel="Update" messageType="General">List 1 row 9 was successfully compared against List 2 row 9</logEntry>
        <logEntry id="1725431592069" messageType="General">Comparing List 1 row 10.  Match key: </logEntry>
        <logEntry id="1725431592069" messageType="General">Matched List 1 row 10 to List 2 row 10., Match key: </logEntry>
        <logEntry id="1725431592069" messageType="General">Comparing column Id.  List 1 value: null, List 2 value: null</logEntry>
        <logEntry id="1725431592069" messageType="General">Comparing column Name.  List 1 value: United Oil &amp; Gas, Singapore, List 2 value: United Oil &amp; Gas, Singapore</logEntry>
        <logEntry id="1725431592069" logLevel="Update" messageType="General">List 1 row 10 was successfully compared against List 2 row 10</logEntry>
        <logEntry id="1725431592069" messageType="General">Comparing List 1 row 11.  Match key: </logEntry>
        <logEntry id="1725431592069" messageType="General">Matched List 1 row 11 to List 2 row 11., Match key: </logEntry>
        <logEntry id="1725431592069" messageType="General">Comparing column Id.  List 1 value: null, List 2 value: null</logEntry>
        <logEntry id="1725431592069" messageType="General">Comparing column Name.  List 1 value: GenePoint, List 2 value: GenePoint</logEntry>
        <logEntry id="1725431592069" logLevel="Update" messageType="General">List 1 row 11 was successfully compared against List 2 row 11</logEntry>
        <logEntry id="1725431592069" messageType="General">Comparing List 1 row 12.  Match key: </logEntry>
        <logEntry id="1725431592069" messageType="General">Matched List 1 row 12 to List 2 row 12., Match key: </logEntry>
        <logEntry id="1725431592069" messageType="General">Comparing column Id.  List 1 value: null, List 2 value: null</logEntry>
        <logEntry id="1725431592069" messageType="General">Comparing column Name.  List 1 value: sForce, List 2 value: sForce</logEntry>
        <logEntry id="1725431592069" logLevel="Update" messageType="General">List 1 row 12 was successfully compared against List 2 row 12</logEntry>
        <logEntry id="1725431592069" messageType="General">Comparing List 1 row 13.  Match key: </logEntry>
        <logEntry id="1725431592069" messageType="General">Matched List 1 row 13 to List 2 row 13., Match key: </logEntry>
        <logEntry id="1725431592069" messageType="General">Comparing column Id.  List 1 value: null, List 2 value: null</logEntry>
        <logEntry id="1725431592069" messageType="General">Comparing column Name.  List 1 value: Sample Account for Entitlements, List 2 value: Sample Account for Entitlements</logEntry>
        <logEntry id="1725431592069" logLevel="Update" messageType="General">List 1 row 13 was successfully compared against List 2 row 13</logEntry>
        <logEntry id="1725431592069" messageType="General">Comparing List 1 row 14.  Match key: </logEntry>
        <logEntry id="1725431592069" messageType="General">Matched List 1 row 14 to List 2 row 14., Match key: </logEntry>
        <logEntry id="1725431592069" messageType="General">Comparing column Id.  List 1 value: null, List 2 value: null</logEntry>
        <logEntry id="1725431592069" messageType="General">Comparing column Name.  List 1 value: OM &amp; co., List 2 value: OM &amp; co.</logEntry>
        <logEntry id="1725431592069" logLevel="Update" messageType="General">List 1 row 14 was successfully compared against List 2 row 14</logEntry>
        <logEntry id="1725431592069" messageType="General">Comparing List 1 row 15.  Match key: </logEntry>
        <logEntry id="1725431592069" messageType="General">Matched List 1 row 15 to List 2 row 15., Match key: </logEntry>
        <logEntry id="1725431592069" messageType="General">Comparing column Id.  List 1 value: null, List 2 value: null</logEntry>
        <logEntry id="1725431592069" messageType="General">Comparing column Name.  List 1 value: Anubhav &amp; co., List 2 value: Anubhav &amp; co.</logEntry>
        <logEntry id="1725431592069" logLevel="Update" messageType="General">List 1 row 15 was successfully compared against List 2 row 15</logEntry>
        <logEntry id="1725431592069" messageType="General">Comparing List 1 row 16.  Match key: </logEntry>
        <logEntry id="1725431592069" messageType="General">Matched List 1 row 16 to List 2 row 16., Match key: </logEntry>
        <logEntry id="1725431592069" messageType="General">Comparing column Id.  List 1 value: null, List 2 value: null</logEntry>
        <logEntry id="1725431592069" messageType="General">Comparing column Name.  List 1 value: Strider Bank (ref : LZ9OXXCUNAVX), List 2 value: Strider Bank (ref : LZ9OXXCUNAVX)</logEntry>
        <logEntry id="1725431592069" logLevel="Update" messageType="General">List 1 row 16 was successfully compared against List 2 row 16</logEntry>
        <logEntry id="1725431592069" messageType="General">Comparing List 1 row 17.  Match key: </logEntry>
        <logEntry id="1725431592069" messageType="General">Matched List 1 row 17 to List 2 row 17., Match key: </logEntry>
        <logEntry id="1725431592069" messageType="General">Comparing column Id.  List 1 value: null, List 2 value: null</logEntry>
        <logEntry id="1725431592069" messageType="General">Comparing column Name.  List 1 value: A &amp; D Company, List 2 value: A &amp; D Company</logEntry>
        <logEntry id="1725431592085" logLevel="Update" messageType="General">List 1 row 17 was successfully compared against List 2 row 17</logEntry>
        <logEntry id="1725431592085" messageType="General">Comparing List 1 row 18.  Match key: </logEntry>
        <logEntry id="1725431592085" messageType="General">Matched List 1 row 18 to List 2 row 18., Match key: </logEntry>
        <logEntry id="1725431592085" messageType="General">Comparing column Id.  List 1 value: null, List 2 value: null</logEntry>
        <logEntry id="1725431592085" messageType="General">Comparing column Name.  List 1 value: A &amp; D Company, List 2 value: A &amp; D Company</logEntry>
        <logEntry id="1725431592085" logLevel="Update" messageType="General">List 1 row 18 was successfully compared against List 2 row 18</logEntry>
        <logEntry id="1725431592085" messageType="General">Comparing List 1 row 19.  Match key: </logEntry>
        <logEntry id="1725431592085" messageType="General">Matched List 1 row 19 to List 2 row 19., Match key: </logEntry>
        <logEntry id="1725431592085" messageType="General">Comparing column Id.  List 1 value: null, List 2 value: null</logEntry>
        <logEntry id="1725431592085" messageType="General">Comparing column Name.  List 1 value: A &amp; D Company, List 2 value: A &amp; D Company</logEntry>
        <logEntry id="1725431592085" logLevel="Update" messageType="General">List 1 row 19 was successfully compared against List 2 row 19</logEntry>
        <logEntry id="1725431592085" messageType="General">Comparing List 1 row 20.  Match key: </logEntry>
        <logEntry id="1725431592085" messageType="General">Matched List 1 row 20 to List 2 row 20., Match key: </logEntry>
        <logEntry id="1725431592085" messageType="General">Comparing column Id.  List 1 value: null, List 2 value: null</logEntry>
        <logEntry id="1725431592085" messageType="General">Comparing column Name.  List 1 value: Anubhav, List 2 value: Anubhav</logEntry>
        <logEntry id="1725431592085" logLevel="Update" messageType="General">List 1 row 20 was successfully compared against List 2 row 20</logEntry>
        <logEntry id="1725431592085" messageType="General">Comparing List 1 row 21.  Match key: </logEntry>
        <logEntry id="1725431592085" messageType="General">Matched List 1 row 21 to List 2 row 21., Match key: </logEntry>
        <logEntry id="1725431592085" messageType="General">Comparing column Id.  List 1 value: null, List 2 value: null</logEntry>
        <logEntry id="1725431592085" messageType="General">Comparing column Name.  List 1 value: A &amp; D Company, List 2 value: A &amp; D Company</logEntry>
        <logEntry id="1725431592085" logLevel="Update" messageType="General">List 1 row 21 was successfully compared against List 2 row 21</logEntry>
        <logEntry id="1725431592085" messageType="General">Comparing List 1 row 22.  Match key: </logEntry>
        <logEntry id="1725431592085" messageType="General">Matched List 1 row 22 to List 2 row 22., Match key: </logEntry>
        <logEntry id="1725431592085" messageType="General">Comparing column Id.  List 1 value: null, List 2 value: null</logEntry>
        <logEntry id="1725431592085" messageType="General">Comparing column Name.  List 1 value: A &amp; D Company, List 2 value: A &amp; D Company</logEntry>
        <logEntry id="1725431592085" logLevel="Update" messageType="General">List 1 row 22 was successfully compared against List 2 row 22</logEntry>
        <logEntry id="1725431592085" messageType="General">Comparing List 1 row 23.  Match key: </logEntry>
        <logEntry id="1725431592085" messageType="General">Matched List 1 row 23 to List 2 row 23., Match key: </logEntry>
        <logEntry id="1725431592085" messageType="General">Comparing column Id.  List 1 value: null, List 2 value: null</logEntry>
        <logEntry id="1725431592085" messageType="General">Comparing column Name.  List 1 value: A &amp; D Company, List 2 value: A &amp; D Company</logEntry>
        <logEntry id="1725431592085" logLevel="Update" messageType="General">List 1 row 23 was successfully compared against List 2 row 23</logEntry>
        <logEntry id="1725431592085" messageType="General">Comparing List 1 row 24.  Match key: </logEntry>
        <logEntry id="1725431592085" messageType="General">Matched List 1 row 24 to List 2 row 24., Match key: </logEntry>
        <logEntry id="1725431592085" messageType="General">Comparing column Id.  List 1 value: null, List 2 value: null</logEntry>
        <logEntry id="1725431592085" messageType="General">Comparing column Name.  List 1 value: A &amp; D Company, List 2 value: A &amp; D Company</logEntry>
        <logEntry id="1725431592085" logLevel="Update" messageType="General">List 1 row 24 was successfully compared against List 2 row 24</logEntry>
        <logEntry id="1725431592085" messageType="General">Comparing List 1 row 25.  Match key: </logEntry>
        <logEntry id="1725431592085" messageType="General">Matched List 1 row 25 to List 2 row 25., Match key: </logEntry>
        <logEntry id="1725431592085" messageType="General">Comparing column Id.  List 1 value: null, List 2 value: null</logEntry>
        <logEntry id="1725431592085" messageType="General">Comparing column Name.  List 1 value: A &amp; D Company, List 2 value: A &amp; D Company</logEntry>
        <logEntry id="1725431592085" logLevel="Update" messageType="General">List 1 row 25 was successfully compared against List 2 row 25</logEntry>
        <logEntry id="1725431592085" messageType="General">Comparing List 1 row 26.  Match key: </logEntry>
        <logEntry id="1725431592085" messageType="General">Matched List 1 row 26 to List 2 row 26., Match key: </logEntry>
        <logEntry id="1725431592085" messageType="General">Comparing column Id.  List 1 value: null, List 2 value: null</logEntry>
        <logEntry id="1725431592085" messageType="General">Comparing column Name.  List 1 value: A &amp; D Company, List 2 value: A &amp; D Company</logEntry>
        <logEntry id="1725431592085" logLevel="Update" messageType="General">List 1 row 26 was successfully compared against List 2 row 26</logEntry>
      </logEntries>
    </executionItem>
    <executionItem endedUtc="1725431611003" executionErrorCount="0" executionStatus="Executed" executionWarningCount="0" failureCount="0" id="root:plans:TP_Regression:Main_Task.testinstance:Main_Task.testcase:12" iterationIndex="-1" skippedCount="0" startedUtc="1725431592085" successfulCount="1" testApiId="com.provar.plugins.bundled.apis.control.ForEach" testItemClass="IApiCall" title="For Each: {SourceData}=&gt;Row">
      <childItems>
        <executionItem endedUtc="1725431608167" executionErrorCount="0" executionStatus="Executed" executionWarningCount="0" failureCount="0" id="root:plans:TP_Regression:Main_Task.testinstance:Main_Task.testcase:12:13.0" iterationIndex="0" skippedCount="0" startedUtc="1725431592101" successfulCount="1" testClauseName="substeps" testItemClass="ITestClause" title="Iteration 1">
          <childItems>
            <executionItem endedUtc="1725431597844" executionErrorCount="0" executionStatus="Executed" executionWarningCount="0" failureCount="0" id="root:plans:TP_Regression:Main_Task.testinstance:Main_Task.testcase:12:13.0:2" iterationIndex="-1" skippedCount="0" startedUtc="1725431592101" successfulCount="1" testItemClass="ITestCaseCall" title="Call CallableAccountCreation">
              <childItems>
                <executionItem endedUtc="1725431597839" executionErrorCount="0" executionStatus="Executed" executionWarningCount="0" failureCount="0" id="root:plans:TP_Regression:Main_Task.testinstance:Main_Task.testcase:12:13.0:2:CallableAccountCreation.testcase" iterationIndex="-1" skippedCount="0" startedUtc="1725431592101" successfulCount="1" testCasePath="C:\\Users\\anubhav.gupta\\Provar_Workspaces\\Workspace_2\\LearningProvar\\tests\\Basic Guide Impementation" testItemClass="ITestCase" title="CallableAccountCreation">
                  <testItemSummary/>
                  <childItems>
                    <executionItem endedUtc="1725431592116" executionErrorCount="0" executionStatus="Executed" executionWarningCount="0" failureCount="0" id="root:plans:TP_Regression:Main_Task.testinstance:Main_Task.testcase:12:13.0:2:CallableAccountCreation.testcase:1" iterationIndex="-1" skippedCount="0" startedUtc="1725431592101" successfulCount="1" testApiId="com.provar.plugins.forcedotcom.core.testapis.ApexConnect" testItemClass="IApiCall" title="Salesforce Connect: SalesforceConnection (Test)">
                      <childItems/>
                      <logEntries>
                        <logEntry id="1725431592101" messageType="General">Connecting to Salesforce as SalesforceConnection</logEntry>
                        <logEntry id="1725431592101" logLevel="Update" messageType="General">Re-using existing connection. Connection: SalesforceConnection, Result Name: SalesforceConnection</logEntry>
                      </logEntries>
                    </executionItem>
                    <executionItem endedUtc="1725431597838" executionErrorCount="0" executionStatus="Executed" executionWarningCount="0" failureCount="0" id="root:plans:TP_Regression:Main_Task.testinstance:Main_Task.testcase:12:13.0:2:CallableAccountCreation.testcase:2" iterationIndex="-1" skippedCount="0" startedUtc="1725431592116" successfulCount="1" testApiId="com.provar.plugins.forcedotcom.core.testapis.ApexCreateObject" testItemClass="IApiCall" title="Create Object: Account=&gt;AccountId">
                      <childItems/>
                      <logEntries>
                        <logEntry id="1725431592129" messageType="General">Creating a new Salesforce object.  Connection Name: SalesforceConnection, Name: Account, field count: 4</logEntry>
                        <logEntry id="1725431592336" logLevel="Warning" messageType="General">Failed to connect to Master Lock Manager - assuming dead.  Host: localhost, port: 53552, cause: Connection refused: no further information</logEntry>
                        <logEntry id="1725431594135" messageType="Progress">Getting the Account Object ... 100%</logEntry>
                        <logEntry id="1725431597060" logLevel="Update" messageType="Progress">Loading Connection model ... 100%</logEntry>
                        <logEntry id="1725431597136" messageType="Progress">Requesting Salesforce metadata.  Request id: 09SdL000002d7uvUAA, Object: Activity and 62 more</logEntry>
                        <logEntry id="1725431597143" logLevel="Update" messageType="Progress">Loading Connection model: Loading the Account object from disk ... 100%</logEntry>
                        <logEntry id="1725431597148" messageType="Progress">Requesting Salesforce metadata.  Request id: 09SdL000002d7tJUAQ, Object: AppointmentCategory and 68 more</logEntry>
                        <logEntry id="1725431597150" messageType="Progress">Requesting Salesforce metadata.  Request id: 09SdL000002d7wXUAQ, Object: AccountContactRole and 65 more</logEntry>
                        <logEntry id="1725431597164" messageType="Progress">Requesting Salesforce metadata.  Request id: 09SdL000002d7y9UAA, Object: AccountCleanInfo and 53 more</logEntry>
                        <logEntry id="1725431597198" logLevel="Update" messageType="Progress">Loading Connection model: Loading the Account object from disk ... 100%</logEntry>
                        <logEntry id="1725431597198" logLevel="Update" messageType="Progress">Loading Connection model ... 100%</logEntry>
                        <logEntry id="1725431597482" messageType="General">Setting fields:</logEntry>
                        <logEntry id="1725431597482" messageType="General">=Field=&gt; SLASerialNumber__c = ABCDE</logEntry>
                        <logEntry id="1725431597482" messageType="General">=Field=&gt; Phone = 7078466107</logEntry>
                        <logEntry id="1725431597482" messageType="General">=Field=&gt; Rating = Cold</logEntry>
                        <logEntry id="1725431597482" messageType="General">=Field=&gt; Name = Anubhav &amp; co.</logEntry>
                        <logEntry id="1725431597831" logLevel="Summary" messageType="General">Account created successfully.  Object Id: &lt;a href='sf:object?object=Account&amp;id=001dL00000T57hhQAB&amp;connection=SalesforceConnection'&gt;001dL00000T57hhQAB&lt;/a&gt;, Result Name: AccountId</logEntry>
                        <logEntry id="1725431597838" messageType="General">Logging Salesforce Object Id for clean up.  Object Name: Account, id: 001dL00000T57hhQAB</logEntry>
                      </logEntries>
                    </executionItem>
                  </childItems>
                </executionItem>
              </childItems>
              <logEntries>
                <logEntry id="1725431597844" messageType="General">Handling managed resource.  Name: SalesforceConnection</logEntry>
                <logEntry id="1725431597844" logLevel="Debug" messageType="General">Not closing Salesforce Connection because it is still being used.  Name: SalesforceConnection</logEntry>
                <logEntry id="1725431597844" logLevel="Update" messageType="General">Salesforce Connection handled successfully.  Name: SalesforceConnection</logEntry>
              </logEntries>
            </executionItem>
            <executionItem endedUtc="1725431598539" executionErrorCount="0" executionStatus="Executed" executionWarningCount="0" failureCount="0" id="root:plans:TP_Regression:Main_Task.testinstance:Main_Task.testcase:12:13.0:3" iterationIndex="-1" skippedCount="0" startedUtc="1725431597844" successfulCount="1" testItemClass="ITestCaseCall" title="Call CallableCreateContact">
              <childItems>
                <executionItem endedUtc="1725431598539" executionErrorCount="0" executionStatus="Executed" executionWarningCount="0" failureCount="0" id="root:plans:TP_Regression:Main_Task.testinstance:Main_Task.testcase:12:13.0:3:CallableCreateContact.testcase" iterationIndex="-1" skippedCount="0" startedUtc="1725431597844" successfulCount="1" testCasePath="C:\\Users\\anubhav.gupta\\Provar_Workspaces\\Workspace_2\\LearningProvar\\tests\\Basic Guide Impementation" testItemClass="ITestCase" title="CallableCreateContact">
                  <testItemSummary/>
                  <childItems>
                    <executionItem endedUtc="1725431597858" executionErrorCount="0" executionStatus="Executed" executionWarningCount="0" failureCount="0" id="root:plans:TP_Regression:Main_Task.testinstance:Main_Task.testcase:12:13.0:3:CallableCreateContact.testcase:1" iterationIndex="-1" skippedCount="0" startedUtc="1725431597844" successfulCount="1" testApiId="com.provar.plugins.forcedotcom.core.testapis.ApexConnect" testItemClass="IApiCall" title="Salesforce Connect: SalesforceConnection (Test)">
                      <childItems/>
                      <logEntries>
                        <logEntry id="1725431597858" messageType="General">Connecting to Salesforce as SalesforceConnection</logEntry>
                        <logEntry id="1725431597858" logLevel="Update" messageType="General">Re-using existing connection. Connection: SalesforceConnection, Result Name: SalesforceConnection</logEntry>
                      </logEntries>
                    </executionItem>
                    <executionItem endedUtc="1725431598539" executionErrorCount="0" executionStatus="Executed" executionWarningCount="0" failureCount="0" id="root:plans:TP_Regression:Main_Task.testinstance:Main_Task.testcase:12:13.0:3:CallableCreateContact.testcase:2" iterationIndex="-1" skippedCount="0" startedUtc="1725431597858" successfulCount="1" testApiId="com.provar.plugins.forcedotcom.core.testapis.ApexCreateObject" testItemClass="IApiCall" title="Create Object: Contact=&gt;ContactId">
                      <childItems/>
                      <logEntries>
                        <logEntry id="1725431597858" messageType="General">Creating a new Salesforce object.  Connection Name: SalesforceConnection, Name: Contact, field count: 6</logEntry>
                        <logEntry id="1725431598158" messageType="General">Setting fields:</logEntry>
                        <logEntry id="1725431598158" messageType="General">=Field=&gt; AccountId = 001dL00000T57hhQAB</logEntry>
                        <logEntry id="1725431598158" messageType="General">=Field=&gt; Email = om_11@gmail.com</logEntry>
                        <logEntry id="1725431598158" messageType="General">=Field=&gt; FirstName = Om</logEntry>
                        <logEntry id="1725431598158" messageType="General">=Field=&gt; Phone = 7078466107</logEntry>
                        <logEntry id="1725431598158" messageType="General">=Field=&gt; LastName = Gupta</logEntry>
                        <logEntry id="1725431598158" messageType="General">=Field=&gt; Salutation = Mr.</logEntry>
                        <logEntry id="1725431598534" logLevel="Summary" messageType="General">Contact created successfully.  Object Id: &lt;a href='sf:object?object=Contact&amp;id=003dL000008SswvQAC&amp;connection=SalesforceConnection'&gt;003dL000008SswvQAC&lt;/a&gt;, Result Name: ContactId</logEntry>
                        <logEntry id="1725431598534" messageType="General">Logging Salesforce Object Id for clean up.  Object Name: Contact, id: 003dL000008SswvQAC</logEntry>
                      </logEntries>
                    </executionItem>
                  </childItems>
                </executionItem>
              </childItems>
              <logEntries>
                <logEntry id="1725431598539" messageType="General">Handling managed resource.  Name: SalesforceConnection</logEntry>
                <logEntry id="1725431598539" logLevel="Debug" messageType="General">Not closing Salesforce Connection because it is still being used.  Name: SalesforceConnection</logEntry>
                <logEntry id="1725431598539" logLevel="Update" messageType="General">Salesforce Connection handled successfully.  Name: SalesforceConnection</logEntry>
              </logEntries>
            </executionItem>
            <executionItem endedUtc="1725431598914" executionErrorCount="0" executionStatus="Executed" executionWarningCount="0" failureCount="0" id="root:plans:TP_Regression:Main_Task.testinstance:Main_Task.testcase:12:13.0:4" iterationIndex="-1" skippedCount="0" startedUtc="1725431598550" successfulCount="1" testApiId="com.provar.plugins.forcedotcom.core.testapis.ApexReadObject" testItemClass="IApiCall" title="Read Object: Contact = 003dL000008SswvQAC">
              <childItems/>
              <logEntries>
                <logEntry id="1725431598550" messageType="General">Reading a Salesforce object.  Connection Name: SalesforceConnection, Name: Contact, Id: 003dL000008SswvQAC, field count: 3</logEntry>
                <logEntry id="1725431598550" logLevel="Debug" messageType="General">Executing SOQL query: select Email, AccountId, Phone from Contact where id = '003dL000008SswvQAC'</logEntry>
                <logEntry id="1725431598898" messageType="General">Object read successfully.  Result Name: ContactRead</logEntry>
                <logEntry id="1725431598914" messageType="AssertionSuccessful">Result assertion 'Check Email' successful: 'om_11@gmail.com' = 'om_11@gmail.com'</logEntry>
                <logEntry id="1725431598914" messageType="AssertionSuccessful">Result assertion 'Check AccountId' successful: '001dL00000T57hhQAB' = '001dL00000T57hhQAB'</logEntry>
                <logEntry id="1725431598914" messageType="AssertionSuccessful">Result assertion 'Check Phone' successful: '7078466107' = '7078466107'</logEntry>
              </logEntries>
            </executionItem>
            <executionItem endedUtc="1725431598929" executionErrorCount="0" executionStatus="Executed" executionWarningCount="0" failureCount="0" id="root:plans:TP_Regression:Main_Task.testinstance:Main_Task.testcase:12:13.0:27" iterationIndex="-1" skippedCount="0" startedUtc="1725431598914" successfulCount="1" testApiId="com.provar.plugins.bundled.apis.control.SetValues" testItemClass="IApiCall" title="Set Values: Var.SLA_SerialNo">
              <childItems/>
              <logEntries>
                <logEntry id="1725431598914" messageType="General">Setting value Var.AccountID to 001dL00000T57hhQAB</logEntry>
                <logEntry id="1725431598914" logLevel="Debug" messageType="General">Configuration: ValueScope:Test</logEntry>
                <logEntry id="1725431598914" logLevel="Update" messageType="General">Successfully set Var.AccountID to 001dL00000T57hhQAB</logEntry>
                <logEntry id="1725431598914" messageType="General">Setting value Var.ContactID to 003dL000008SswvQAC</logEntry>
                <logEntry id="1725431598914" logLevel="Debug" messageType="General">Configuration: ValueScope:Test</logEntry>
                <logEntry id="1725431598914" logLevel="Update" messageType="General">Successfully set Var.ContactID to 003dL000008SswvQAC</logEntry>
                <logEntry id="1725431598914" messageType="General">Setting value Var.SLA_SerialNo to ABCDE</logEntry>
                <logEntry id="1725431598914" logLevel="Debug" messageType="General">Configuration: ValueScope:Test</logEntry>
                <logEntry id="1725431598929" logLevel="Update" messageType="General">Successfully set Var.SLA_SerialNo to ABCDE</logEntry>
              </logEntries>
            </executionItem>
            <executionItem endedUtc="1725431607095" executionErrorCount="0" executionStatus="Executed" executionWarningCount="0" failureCount="0" id="root:plans:TP_Regression:Main_Task.testinstance:Main_Task.testcase:12:13.0:28" iterationIndex="-1" skippedCount="0" startedUtc="1725431598929" successfulCount="1" testApiId="com.provar.plugins.bundled.apis.io.Write" testItemClass="IApiCall" title="Write: {Var}=&gt;templates/DATA.xlsx">
              <childItems/>
              <logEntries>
                <logEntry id="1725431598929" messageType="General">Writing to URL templates/DATA.xlsx</logEntry>
                <logEntry id="1725431598929" messageType="General">Start of Excel Write.  WorkbookPath: templates/DATA.xlsx, excludeCols: [none]</logEntry>
                <logEntry id="1725431598951" messageType="General">Workbook location: C:\\Users\\anubhav.gupta\\Provar_Workspaces\\Workspace_2\\LearningProvar\\templates\\DATA.xlsx</logEntry>
                <logEntry id="1725431606671" messageType="General">Applying match locator  Data Count: 2, Match Locator: {SLA_SerialNo = "ABCDE"}</logEntry>
                <logEntry id="1725431606700" messageType="General">The match locator matched 1 row(s).</logEntry>
                <logEntry id="1725431606700" messageType="General">Updating data in excel sheet: Day-01</logEntry>
                <logEntry id="1725431606859" logLevel="Update" messageType="General">Updated data in excel sheet: Day-01</logEntry>
              </logEntries>
            </executionItem>
            <executionItem endedUtc="1725431607835" executionErrorCount="0" executionStatus="Executed" executionWarningCount="0" failureCount="0" id="root:plans:TP_Regression:Main_Task.testinstance:Main_Task.testcase:12:13.0:18" iterationIndex="-1" skippedCount="0" startedUtc="1725431607095" successfulCount="1" testApiId="com.provar.plugins.forcedotcom.core.testapis.ApexDeleteObject" testItemClass="IApiCall" title="Delete Object: 003dL000008SswvQAC">
              <childItems/>
              <logEntries>
                <logEntry id="1725431607095" messageType="General">Deleting an existing Salesforce object.  Connection Name: SalesforceConnection, Id: 003dL000008SswvQAC</logEntry>
                <logEntry id="1725431607835" messageType="General">Object deleted successfully.  Object Id: 003dL000008SswvQAC</logEntry>
              </logEntries>
            </executionItem>
            <executionItem endedUtc="1725431608167" executionErrorCount="0" executionStatus="Executed" executionWarningCount="0" failureCount="0" id="root:plans:TP_Regression:Main_Task.testinstance:Main_Task.testcase:12:13.0:21" iterationIndex="-1" skippedCount="0" startedUtc="1725431607835" successfulCount="1" testApiId="com.provar.plugins.forcedotcom.core.testapis.ApexDeleteObject" testItemClass="IApiCall" title="Delete Object: 001dL00000T57hhQAB">
              <childItems/>
              <logEntries>
                <logEntry id="1725431607854" messageType="General">Deleting an existing Salesforce object.  Connection Name: SalesforceConnection, Id: 001dL00000T57hhQAB</logEntry>
                <logEntry id="1725431608167" messageType="General">Object deleted successfully.  Object Id: 001dL00000T57hhQAB</logEntry>
              </logEntries>
            </executionItem>
          </childItems>
        </executionItem>
        <executionItem endedUtc="1725431610998" executionErrorCount="0" executionStatus="Executed" executionWarningCount="0" failureCount="0" id="root:plans:TP_Regression:Main_Task.testinstance:Main_Task.testcase:12:13.1" iterationIndex="1" skippedCount="0" startedUtc="1725431608176" successfulCount="1" testClauseName="substeps" testItemClass="ITestClause" title="Iteration 2">
          <childItems>
            <executionItem endedUtc="1725431608608" executionErrorCount="0" executionStatus="Executed" executionWarningCount="0" failureCount="0" id="root:plans:TP_Regression:Main_Task.testinstance:Main_Task.testcase:12:13.1:2" iterationIndex="-1" skippedCount="0" startedUtc="1725431608176" successfulCount="1" testItemClass="ITestCaseCall" title="Call CallableAccountCreation">
              <childItems>
                <executionItem endedUtc="1725431608608" executionErrorCount="0" executionStatus="Executed" executionWarningCount="0" failureCount="0" id="root:plans:TP_Regression:Main_Task.testinstance:Main_Task.testcase:12:13.1:2:CallableAccountCreation.testcase" iterationIndex="-1" skippedCount="0" startedUtc="1725431608176" successfulCount="1" testCasePath="C:\\Users\\anubhav.gupta\\Provar_Workspaces\\Workspace_2\\LearningProvar\\tests\\Basic Guide Impementation" testItemClass="ITestCase" title="CallableAccountCreation">
                  <testItemSummary/>
                  <childItems>
                    <executionItem endedUtc="1725431608182" executionErrorCount="0" executionStatus="Executed" executionWarningCount="0" failureCount="0" id="root:plans:TP_Regression:Main_Task.testinstance:Main_Task.testcase:12:13.1:2:CallableAccountCreation.testcase:1" iterationIndex="-1" skippedCount="0" startedUtc="1725431608176" successfulCount="1" testApiId="com.provar.plugins.forcedotcom.core.testapis.ApexConnect" testItemClass="IApiCall" title="Salesforce Connect: SalesforceConnection (Test)">
                      <childItems/>
                      <logEntries>
                        <logEntry id="1725431608182" messageType="General">Connecting to Salesforce as SalesforceConnection</logEntry>
                        <logEntry id="1725431608182" logLevel="Update" messageType="General">Re-using existing connection. Connection: SalesforceConnection, Result Name: SalesforceConnection</logEntry>
                      </logEntries>
                    </executionItem>
                    <executionItem endedUtc="1725431608608" executionErrorCount="0" executionStatus="Executed" executionWarningCount="0" failureCount="0" id="root:plans:TP_Regression:Main_Task.testinstance:Main_Task.testcase:12:13.1:2:CallableAccountCreation.testcase:2" iterationIndex="-1" skippedCount="0" startedUtc="1725431608182" successfulCount="1" testApiId="com.provar.plugins.forcedotcom.core.testapis.ApexCreateObject" testItemClass="IApiCall" title="Create Object: Account=&gt;AccountId">
                      <childItems/>
                      <logEntries>
                        <logEntry id="1725431608182" messageType="General">Creating a new Salesforce object.  Connection Name: SalesforceConnection, Name: Account, field count: 4</logEntry>
                        <logEntry id="1725431608403" messageType="General">Setting fields:</logEntry>
                        <logEntry id="1725431608403" messageType="General">=Field=&gt; SLASerialNumber__c = FGHIJ</logEntry>
                        <logEntry id="1725431608403" messageType="General">=Field=&gt; Phone = 7451046311</logEntry>
                        <logEntry id="1725431608403" messageType="General">=Field=&gt; Rating = Hot</logEntry>
                        <logEntry id="1725431608403" messageType="General">=Field=&gt; Name = OM &amp; co.</logEntry>
                        <logEntry id="1725431608608" logLevel="Summary" messageType="General">Account created successfully.  Object Id: &lt;a href='sf:object?object=Account&amp;id=001dL00000T519HQAR&amp;connection=SalesforceConnection'&gt;001dL00000T519HQAR&lt;/a&gt;, Result Name: AccountId</logEntry>
                        <logEntry id="1725431608608" messageType="General">Logging Salesforce Object Id for clean up.  Object Name: Account, id: 001dL00000T519HQAR</logEntry>
                      </logEntries>
                    </executionItem>
                  </childItems>
                </executionItem>
              </childItems>
              <logEntries>
                <logEntry id="1725431608608" messageType="General">Handling managed resource.  Name: SalesforceConnection</logEntry>
                <logEntry id="1725431608608" logLevel="Debug" messageType="General">Not closing Salesforce Connection because it is still being used.  Name: SalesforceConnection</logEntry>
                <logEntry id="1725431608608" logLevel="Update" messageType="General">Salesforce Connection handled successfully.  Name: SalesforceConnection</logEntry>
              </logEntries>
            </executionItem>
            <executionItem endedUtc="1725431609065" executionErrorCount="0" executionStatus="Executed" executionWarningCount="0" failureCount="0" id="root:plans:TP_Regression:Main_Task.testinstance:Main_Task.testcase:12:13.1:3" iterationIndex="-1" skippedCount="0" startedUtc="1725431608608" successfulCount="1" testItemClass="ITestCaseCall" title="Call CallableCreateContact">
              <childItems>
                <executionItem endedUtc="1725431609056" executionErrorCount="0" executionStatus="Executed" executionWarningCount="0" failureCount="0" id="root:plans:TP_Regression:Main_Task.testinstance:Main_Task.testcase:12:13.1:3:CallableCreateContact.testcase" iterationIndex="-1" skippedCount="0" startedUtc="1725431608608" successfulCount="1" testCasePath="C:\\Users\\anubhav.gupta\\Provar_Workspaces\\Workspace_2\\LearningProvar\\tests\\Basic Guide Impementation" testItemClass="ITestCase" title="CallableCreateContact">
                  <testItemSummary/>
                  <childItems>
                    <executionItem endedUtc="1725431608625" executionErrorCount="0" executionStatus="Executed" executionWarningCount="0" failureCount="0" id="root:plans:TP_Regression:Main_Task.testinstance:Main_Task.testcase:12:13.1:3:CallableCreateContact.testcase:1" iterationIndex="-1" skippedCount="0" startedUtc="1725431608608" successfulCount="1" testApiId="com.provar.plugins.forcedotcom.core.testapis.ApexConnect" testItemClass="IApiCall" title="Salesforce Connect: SalesforceConnection (Test)">
                      <childItems/>
                      <logEntries>
                        <logEntry id="1725431608625" messageType="General">Connecting to Salesforce as SalesforceConnection</logEntry>
                        <logEntry id="1725431608625" logLevel="Update" messageType="General">Re-using existing connection. Connection: SalesforceConnection, Result Name: SalesforceConnection</logEntry>
                      </logEntries>
                    </executionItem>
                    <executionItem endedUtc="1725431609056" executionErrorCount="0" executionStatus="Executed" executionWarningCount="0" failureCount="0" id="root:plans:TP_Regression:Main_Task.testinstance:Main_Task.testcase:12:13.1:3:CallableCreateContact.testcase:2" iterationIndex="-1" skippedCount="0" startedUtc="1725431608625" successfulCount="1" testApiId="com.provar.plugins.forcedotcom.core.testapis.ApexCreateObject" testItemClass="IApiCall" title="Create Object: Contact=&gt;ContactId">
                      <childItems/>
                      <logEntries>
                        <logEntry id="1725431608625" messageType="General">Creating a new Salesforce object.  Connection Name: SalesforceConnection, Name: Contact, field count: 6</logEntry>
                        <logEntry id="1725431608797" messageType="General">Setting fields:</logEntry>
                        <logEntry id="1725431608797" messageType="General">=Field=&gt; AccountId = 001dL00000T519HQAR</logEntry>
                        <logEntry id="1725431608797" messageType="General">=Field=&gt; Email = anubhav_12@gmail.com</logEntry>
                        <logEntry id="1725431608797" messageType="General">=Field=&gt; FirstName = Om</logEntry>
                        <logEntry id="1725431608797" messageType="General">=Field=&gt; Phone = 7451046311</logEntry>
                        <logEntry id="1725431608797" messageType="General">=Field=&gt; LastName = Gupta</logEntry>
                        <logEntry id="1725431608797" messageType="General">=Field=&gt; Salutation = Mr.</logEntry>
                        <logEntry id="1725431609056" logLevel="Summary" messageType="General">Contact created successfully.  Object Id: &lt;a href='sf:object?object=Contact&amp;id=003dL000008Sq7TQAS&amp;connection=SalesforceConnection'&gt;003dL000008Sq7TQAS&lt;/a&gt;, Result Name: ContactId</logEntry>
                        <logEntry id="1725431609056" messageType="General">Logging Salesforce Object Id for clean up.  Object Name: Contact, id: 003dL000008Sq7TQAS</logEntry>
                      </logEntries>
                    </executionItem>
                  </childItems>
                </executionItem>
              </childItems>
              <logEntries>
                <logEntry id="1725431609065" messageType="General">Handling managed resource.  Name: SalesforceConnection</logEntry>
                <logEntry id="1725431609065" logLevel="Debug" messageType="General">Not closing Salesforce Connection because it is still being used.  Name: SalesforceConnection</logEntry>
                <logEntry id="1725431609065" logLevel="Update" messageType="General">Salesforce Connection handled successfully.  Name: SalesforceConnection</logEntry>
              </logEntries>
            </executionItem>
            <executionItem endedUtc="1725431609301" executionErrorCount="0" executionStatus="Executed" executionWarningCount="0" failureCount="0" id="root:plans:TP_Regression:Main_Task.testinstance:Main_Task.testcase:12:13.1:4" iterationIndex="-1" skippedCount="0" startedUtc="1725431609066" successfulCount="1" testApiId="com.provar.plugins.forcedotcom.core.testapis.ApexReadObject" testItemClass="IApiCall" title="Read Object: Contact = 003dL000008Sq7TQAS">
              <childItems/>
              <logEntries>
                <logEntry id="1725431609066" messageType="General">Reading a Salesforce object.  Connection Name: SalesforceConnection, Name: Contact, Id: 003dL000008Sq7TQAS, field count: 3</logEntry>
                <logEntry id="1725431609066" logLevel="Debug" messageType="General">Executing SOQL query: select Email, AccountId, Phone from Contact where id = '003dL000008Sq7TQAS'</logEntry>
                <logEntry id="1725431609301" messageType="General">Object read successfully.  Result Name: ContactRead</logEntry>
                <logEntry id="1725431609301" messageType="AssertionSuccessful">Result assertion 'Check Email' successful: 'anubhav_12@gmail.com' = 'anubhav_12@gmail.com'</logEntry>
                <logEntry id="1725431609301" messageType="AssertionSuccessful">Result assertion 'Check AccountId' successful: '001dL00000T519HQAR' = '001dL00000T519HQAR'</logEntry>
                <logEntry id="1725431609301" messageType="AssertionSuccessful">Result assertion 'Check Phone' successful: '7451046311' = '7451046311'</logEntry>
              </logEntries>
            </executionItem>
            <executionItem endedUtc="1725431609317" executionErrorCount="0" executionStatus="Executed" executionWarningCount="0" failureCount="0" id="root:plans:TP_Regression:Main_Task.testinstance:Main_Task.testcase:12:13.1:27" iterationIndex="-1" skippedCount="0" startedUtc="1725431609301" successfulCount="1" testApiId="com.provar.plugins.bundled.apis.control.SetValues" testItemClass="IApiCall" title="Set Values: Var.SLA_SerialNo">
              <childItems/>
              <logEntries>
                <logEntry id="1725431609301" messageType="General">Setting value Var.AccountID to 001dL00000T519HQAR</logEntry>
                <logEntry id="1725431609301" logLevel="Debug" messageType="General">Configuration: ValueScope:Test</logEntry>
                <logEntry id="1725431609317" logLevel="Update" messageType="General">Successfully set Var.AccountID to 001dL00000T519HQAR</logEntry>
                <logEntry id="1725431609317" messageType="General">Setting value Var.ContactID to 003dL000008Sq7TQAS</logEntry>
                <logEntry id="1725431609317" logLevel="Debug" messageType="General">Configuration: ValueScope:Test</logEntry>
                <logEntry id="1725431609317" logLevel="Update" messageType="General">Successfully set Var.ContactID to 003dL000008Sq7TQAS</logEntry>
                <logEntry id="1725431609317" messageType="General">Setting value Var.SLA_SerialNo to FGHIJ</logEntry>
                <logEntry id="1725431609317" logLevel="Debug" messageType="General">Configuration: ValueScope:Test</logEntry>
                <logEntry id="1725431609317" logLevel="Update" messageType="General">Successfully set Var.SLA_SerialNo to FGHIJ</logEntry>
              </logEntries>
            </executionItem>
            <executionItem endedUtc="1725431610217" executionErrorCount="0" executionStatus="Executed" executionWarningCount="0" failureCount="0" id="root:plans:TP_Regression:Main_Task.testinstance:Main_Task.testcase:12:13.1:28" iterationIndex="-1" skippedCount="0" startedUtc="1725431609317" successfulCount="1" testApiId="com.provar.plugins.bundled.apis.io.Write" testItemClass="IApiCall" title="Write: {Var}=&gt;templates/DATA.xlsx">
              <childItems/>
              <logEntries>
                <logEntry id="1725431609317" messageType="General">Writing to URL templates/DATA.xlsx</logEntry>
                <logEntry id="1725431609317" messageType="General">Start of Excel Write.  WorkbookPath: templates/DATA.xlsx, excludeCols: [none]</logEntry>
                <logEntry id="1725431609317" messageType="General">Workbook location: C:\\Users\\anubhav.gupta\\Provar_Workspaces\\Workspace_2\\LearningProvar\\templates\\DATA.xlsx</logEntry>
                <logEntry id="1725431610201" messageType="General">Applying match locator  Data Count: 2, Match Locator: {SLA_SerialNo = "FGHIJ"}</logEntry>
                <logEntry id="1725431610201" messageType="General">The match locator matched 1 row(s).</logEntry>
                <logEntry id="1725431610202" messageType="General">Updating data in excel sheet: Day-01</logEntry>
                <logEntry id="1725431610217" logLevel="Update" messageType="General">Updated data in excel sheet: Day-01</logEntry>
              </logEntries>
            </executionItem>
            <executionItem endedUtc="1725431610682" executionErrorCount="0" executionStatus="Executed" executionWarningCount="0" failureCount="0" id="root:plans:TP_Regression:Main_Task.testinstance:Main_Task.testcase:12:13.1:18" iterationIndex="-1" skippedCount="0" startedUtc="1725431610217" successfulCount="1" testApiId="com.provar.plugins.forcedotcom.core.testapis.ApexDeleteObject" testItemClass="IApiCall" title="Delete Object: 003dL000008Sq7TQAS">
              <childItems/>
              <logEntries>
                <logEntry id="1725431610233" messageType="General">Deleting an existing Salesforce object.  Connection Name: SalesforceConnection, Id: 003dL000008Sq7TQAS</logEntry>
                <logEntry id="1725431610681" messageType="General">Object deleted successfully.  Object Id: 003dL000008Sq7TQAS</logEntry>
              </logEntries>
            </executionItem>
            <executionItem endedUtc="1725431610998" executionErrorCount="0" executionStatus="Executed" executionWarningCount="0" failureCount="0" id="root:plans:TP_Regression:Main_Task.testinstance:Main_Task.testcase:12:13.1:21" iterationIndex="-1" skippedCount="0" startedUtc="1725431610683" successfulCount="1" testApiId="com.provar.plugins.forcedotcom.core.testapis.ApexDeleteObject" testItemClass="IApiCall" title="Delete Object: 001dL00000T519HQAR">
              <childItems/>
              <logEntries>
                <logEntry id="1725431610684" messageType="General">Deleting an existing Salesforce object.  Connection Name: SalesforceConnection, Id: 001dL00000T519HQAR</logEntry>
                <logEntry id="1725431610998" messageType="General">Object deleted successfully.  Object Id: 001dL00000T519HQAR</logEntry>
              </logEntries>
            </executionItem>
          </childItems>
        </executionItem>
      </childItems>
      <logEntries>
        <logEntry id="1725431592101" messageType="General">Start of iteration 1 of 2.</logEntry>
        <logEntry id="1725431608174" messageType="General">Start of iteration 2 of 2.</logEntry>
        <logEntry id="1725431611003" messageType="General">Reached the end of the List.</logEntry>
      </logEntries>
    </executionItem>
  </childItems>
  <logEntries>
    <logEntry id="1725431590229" messageType="ParameterValueSource">Loading data from Parameter Value Source ...</logEntry>
    <logEntry id="1725431591753" messageType="General">Loading Parameter Value Source row 1:</logEntry>
    <logEntry id="1725431591753" messageType="General">==Column=&gt; Name = PrimitiveValueImpl [ value: Anubhav &amp; co., valueId=null, createdUpdateSeq=-1, updatedUpdateSeq=-1]</logEntry>
    <logEntry id="1725431591753" messageType="General">==Column=&gt; Rating = PrimitiveValueImpl [ value: Cold, valueId=null, createdUpdateSeq=-1, updatedUpdateSeq=-1]</logEntry>
    <logEntry id="1725431591753" messageType="General">==Column=&gt; Phone = PrimitiveValueImpl [ value: 7078466107, valueId=null, createdUpdateSeq=-1, updatedUpdateSeq=-1]</logEntry>
    <logEntry id="1725431591753" messageType="General">==Column=&gt; SLA_SerialNo = PrimitiveValueImpl [ value: ABCDE, valueId=null, createdUpdateSeq=-1, updatedUpdateSeq=-1]</logEntry>
    <logEntry id="1725431591753" messageType="General">==Column=&gt; Email = PrimitiveValueImpl [ value: om_11@gmail.com, valueId=null, createdUpdateSeq=-1, updatedUpdateSeq=-1]</logEntry>
    <logEntry id="1725431591753" messageType="General">==Column=&gt; AccountID = PrimitiveValueImpl [ value: 001dL00000RymztQAB, valueId=null, createdUpdateSeq=-1, updatedUpdateSeq=-1]</logEntry>
    <logEntry id="1725431591753" messageType="General">==Column=&gt; ContactID = PrimitiveValueImpl [ value: 003dL0000083LrJQAU, valueId=null, createdUpdateSeq=-1, updatedUpdateSeq=-1]</logEntry>
    <logEntry id="1725431591753" messageType="General">Loading Parameter Value Source row 2:</logEntry>
    <logEntry id="1725431591753" messageType="General">==Column=&gt; Name = PrimitiveValueImpl [ value: OM &amp; co., valueId=null, createdUpdateSeq=-1, updatedUpdateSeq=-1]</logEntry>
    <logEntry id="1725431591753" messageType="General">==Column=&gt; Rating = PrimitiveValueImpl [ value: Hot, valueId=null, createdUpdateSeq=-1, updatedUpdateSeq=-1]</logEntry>
    <logEntry id="1725431591753" messageType="General">==Column=&gt; Phone = PrimitiveValueImpl [ value: 7451046311, valueId=null, createdUpdateSeq=-1, updatedUpdateSeq=-1]</logEntry>
    <logEntry id="1725431591753" messageType="General">==Column=&gt; SLA_SerialNo = PrimitiveValueImpl [ value: FGHIJ, valueId=null, createdUpdateSeq=-1, updatedUpdateSeq=-1]</logEntry>
    <logEntry id="1725431591753" messageType="General">==Column=&gt; Email = PrimitiveValueImpl [ value: anubhav_12@gmail.com, valueId=null, createdUpdateSeq=-1, updatedUpdateSeq=-1]</logEntry>
    <logEntry id="1725431591753" messageType="General">==Column=&gt; AccountID = PrimitiveValueImpl [ value: 001dL00000RyQbuQAF, valueId=null, createdUpdateSeq=-1, updatedUpdateSeq=-1]</logEntry>
    <logEntry id="1725431591753" messageType="General">==Column=&gt; ContactID = PrimitiveValueImpl [ value: 003dL0000083LsvQAE, valueId=null, createdUpdateSeq=-1, updatedUpdateSeq=-1]</logEntry>
    <logEntry id="1725431591753" logLevel="Update" messageType="General">Loaded 2 rows from Parameter Value Source.</logEntry>
  </logEntries>
</executionItem>
