<?xml version="1.0" encoding="UTF-8" standalone="no"?>
<executionItem endedUtc="1727080556568" executionErrorCount="0" executionStatus="Executed" executionWarningCount="0" failureCount="0" id="root:plans:TP_Regression:TableTesting.testinstance:TableTesting.testcase" iterationIndex="-1" skippedCount="0" startedUtc="1727080550605" successfulCount="1" testCasePath="C:\\Users\\anubhav.gupta\\Provar\\Workspace_2\\LearningProvar\\tests\\UOP Course" testItemClass="ITestCase" title="TableTesting.testcase">
  <testItemSummary/>
  <childItems>
    <executionItem endedUtc="1727080556440" executionErrorCount="0" executionStatus="Executed" executionWarningCount="0" failureCount="0" id="root:plans:TP_Regression:TableTesting.testinstance:TableTesting.testcase:38" iterationIndex="-1" skippedCount="0" startedUtc="1727080550619" successfulCount="1" testApiId="com.provar.plugins.forcedotcom.core.testapis.ApexConnect" testItemClass="IApiCall" title="Salesforce Connect: SalesforceConnection (Test)">
      <childItems/>
      <logEntries>
        <logEntry id="1727080550622" messageType="General">Connecting to Salesforce as SalesforceConnection</logEntry>
        <logEntry id="1727080550622" logLevel="Debug" messageType="General">Connection details. Connection name: SalesforceConnection, result name: SalesforceConnection, result scope: Test, urlString: sf:user=anubhav.gupta@sandbox.com;password={password};securityToken={securityToken};environment=PROD_DEV;lightningMode=true, environment: &lt;default&gt;, userName: anubhav.gupta@sandbox.com, password: [supplied] securityToken: [supplied]</logEntry>
        <logEntry id="1727080550622" logLevel="Debug" messageType="General">Create object id log file.</logEntry>
        <logEntry id="1727080550622" logLevel="Trace" messageType="General">Absolute path: C:\\Users\\anubhav.gupta\\Provar\\Workspace_2\\LearningProvar\\ANT\\..\\ANT\\Results\\Artifacts\\SalesforceConnection-objectids.log</logEntry>
        <logEntry id="1727080550622" logLevel="Debug" messageType="General">Opening Partner connection</logEntry>
        <logEntry id="1727080550622" logLevel="Trace" messageType="General">Connection configurations: userName: anubhav.gupta@sandbox.com,  password: [supplied], securityToken: [supplied], authEndpoint: https://login.salesforce.com/services/Soap/u/61.0, serviceEndpoint: https://login.salesforce.com/services/Soap/u/61.0</logEntry>
        <logEntry id="1727080553784" logLevel="Debug" messageType="General">Opening SOAP connection</logEntry>
        <logEntry id="1727080553788" logLevel="Trace" messageType="General">Connection configurations: userName: anubhav.gupta@sandbox.com,  password: [supplied], securityToken: [supplied], authEndpoint: https://login.salesforce.com/services/Soap/u/61.0, serviceEndpoint: https://login.salesforce.com/services/Soap/u/61.0</logEntry>
        <logEntry id="1727080555090" logLevel="Debug" messageType="General">Opening Metadata connection</logEntry>
        <logEntry id="1727080555095" logLevel="Trace" messageType="General">Connection configurations: userName: anubhav.gupta@sandbox.com,  password: [supplied], securityToken: [supplied], authEndpoint: https://login.salesforce.com/services/Soap/u/61.0, serviceEndpoint: https://login.salesforce.com/services/Soap/u/61.0</logEntry>
        <logEntry id="1727080556439" logLevel="Update" messageType="General">Successfully connected to Salesforce as SalesforceConnection</logEntry>
      </logEntries>
    </executionItem>
    <executionItem endedUtc="0" executionErrorCount="0" executionStatus="Executed" executionWarningCount="0" failureCount="0" id="root:plans:TP_Regression:TableTesting.testinstance:TableTesting.testcase:1" iterationIndex="-1" skippedCount="1" startedUtc="1727080556440" successfulCount="0" testApiId="com.provar.plugins.forcedotcom.core.ui.UiConnect" testItemClass="IApiCall" title="UI Connect: HTML_Tables">
      <childItems/>
    </executionItem>
    <executionItem endedUtc="0" executionErrorCount="0" executionStatus="Executed" executionWarningCount="0" failureCount="0" id="root:plans:TP_Regression:TableTesting.testinstance:TableTesting.testcase:32" iterationIndex="-1" skippedCount="1" startedUtc="1727080556440" successfulCount="0" testApiId="com.provar.plugins.bundled.apis.control.SetValues" testItemClass="IApiCall" title="Set Values: a">
      <childItems/>
    </executionItem>
    <executionItem endedUtc="0" executionErrorCount="0" executionStatus="Executed" executionWarningCount="0" failureCount="0" id="root:plans:TP_Regression:TableTesting.testinstance:TableTesting.testcase:2" iterationIndex="-1" skippedCount="1" startedUtc="1727080556440" successfulCount="0" testApiId="com.provar.plugins.forcedotcom.core.ui.UiWithScreen" testItemClass="IApiCall" title="On HTMLTablePage page">
      <childItems>
        <executionItem endedUtc="0" executionErrorCount="0" executionWarningCount="0" failureCount="0" id="root:plans:TP_Regression:TableTesting.testinstance:TableTesting.testcase:2:3" iterationIndex="-1" skippedCount="0" startedUtc="0" successfulCount="0" testClauseName="substeps" testItemClass="ITestClause" title="Sub Steps">
          <childItems>
            <executionItem endedUtc="0" executionErrorCount="0" executionWarningCount="0" failureCount="0" id="root:plans:TP_Regression:TableTesting.testinstance:TableTesting.testcase:2:3:7" iterationIndex="-1" skippedCount="0" startedUtc="0" successfulCount="0" testApiId="com.provar.plugins.forcedotcom.core.ui.UiWithRow" testItemClass="IApiCall" title="With Company row">
              <childItems>
                <executionItem endedUtc="0" executionErrorCount="0" executionWarningCount="0" failureCount="0" id="root:plans:TP_Regression:TableTesting.testinstance:TableTesting.testcase:2:3:7:8" iterationIndex="-1" skippedCount="0" startedUtc="0" successfulCount="0" testClauseName="substeps" testItemClass="ITestClause" title="Sub Steps">
                  <childItems>
                    <executionItem endedUtc="0" executionErrorCount="0" executionWarningCount="0" failureCount="0" id="root:plans:TP_Regression:TableTesting.testinstance:TableTesting.testcase:2:3:7:8:31" iterationIndex="-1" skippedCount="0" startedUtc="0" successfulCount="0" testApiId="com.provar.plugins.forcedotcom.core.ui.UiAssert" testItemClass="IApiCall" title="UI Assert">
                      <childItems/>
                    </executionItem>
                  </childItems>
                </executionItem>
              </childItems>
            </executionItem>
            <executionItem endedUtc="0" executionErrorCount="0" executionWarningCount="0" failureCount="0" id="root:plans:TP_Regression:TableTesting.testinstance:TableTesting.testcase:2:3:12" iterationIndex="-1" skippedCount="0" startedUtc="0" successfulCount="0" testApiId="com.provar.plugins.forcedotcom.core.ui.UiWithRow" testItemClass="IApiCall" title="With Contact row">
              <childItems>
                <executionItem endedUtc="0" executionErrorCount="0" executionWarningCount="0" failureCount="0" id="root:plans:TP_Regression:TableTesting.testinstance:TableTesting.testcase:2:3:12:13" iterationIndex="-1" skippedCount="0" startedUtc="0" successfulCount="0" testClauseName="substeps" testItemClass="ITestClause" title="Sub Steps">
                  <childItems/>
                </executionItem>
              </childItems>
            </executionItem>
            <executionItem endedUtc="0" executionErrorCount="0" executionWarningCount="0" failureCount="0" id="root:plans:TP_Regression:TableTesting.testinstance:TableTesting.testcase:2:3:17" iterationIndex="-1" skippedCount="0" startedUtc="0" successfulCount="0" testApiId="com.provar.plugins.forcedotcom.core.ui.UiWithRow" testItemClass="IApiCall" title="With Country row">
              <childItems>
                <executionItem endedUtc="0" executionErrorCount="0" executionWarningCount="0" failureCount="0" id="root:plans:TP_Regression:TableTesting.testinstance:TableTesting.testcase:2:3:17:18" iterationIndex="-1" skippedCount="0" startedUtc="0" successfulCount="0" testClauseName="substeps" testItemClass="ITestClause" title="Sub Steps">
                  <childItems/>
                </executionItem>
              </childItems>
            </executionItem>
          </childItems>
        </executionItem>
      </childItems>
    </executionItem>
    <executionItem endedUtc="1727080556567" executionErrorCount="0" executionStatus="Executed" executionWarningCount="0" failureCount="0" id="root:plans:TP_Regression:TableTesting.testinstance:TableTesting.testcase:39" iterationIndex="-1" skippedCount="0" startedUtc="1727080556440" successfulCount="1" testApiId="com.provar.plugins.forcedotcom.core.testapis.ApexSoqlQuery" testItemClass="IApiCall" title="SOQL Query: SELECT COUNT(Id), Name\nFROM Account\nGROUP BY Name=&gt;AccountRows">
      <childItems/>
      <logEntries>
        <logEntry id="1727080556443" messageType="General">Reading a Salesforce object.  Connection Name: SalesforceConnection, Query: SELECT COUNT(Id), Name\nFROM Account\nGROUP BY Name</logEntry>
        <logEntry id="1727080556560" messageType="General">Query successful.  Row Count: 18.</logEntry>
      </logEntries>
    </executionItem>
    <executionItem endedUtc="0" executionErrorCount="0" executionStatus="Executed" executionWarningCount="0" failureCount="0" id="root:plans:TP_Regression:TableTesting.testinstance:TableTesting.testcase:40" iterationIndex="-1" skippedCount="1" startedUtc="1727080556567" successfulCount="0" testApiId="com.provar.plugins.bundled.apis.control.ForEach" testItemClass="IApiCall" title="For Each: {AccountRows}=&gt;AccountName">
      <childItems/>
    </executionItem>
  </childItems>
</executionItem>
